Price;Close;High;Low;Open;Volume
Ticker;TSLA;TSLA;TSLA;TSLA;TSLA
Date;;;;;
01.05.2023;1.618.300.018.310.540;16.327.999.877.929.600;1.588.300.018.310.540;1.631.699.981.689.450;109015000
02.05.2023;16.030.999.755.859.300;16.549.000.549.316.400;15.892.999.267.578.100;1.618.800.048.828.120;128259700
03.05.2023;16.061.000.061.035.100;165.0;15.991.000.366.210.900;16.000.999.450.683.500;119728000
04.05.2023;1.611.999.969.482.420;1.629.499.969.482.420;15.964.999.389.648.400;1.627.100.067.138.670;95108500
05.05.2023;17.005.999.755.859.300;1.707.899.932.861.320;16.350.999.450.683.500;16.397.000.122.070.300;107440900
08.05.2023;1.717.899.932.861.320;1.738.000.030.517.570;16.919.000.244.140.600;17.372.000.122.070.300;112249400
09.05.2023;16.914.999.389.648.400;16.982.000.732.421.800;16.655.999.755.859.300;1.689.499.969.482.420;88965000
10.05.2023;1.685.399.932.861.320;17.442.999.267.578.100;16.667.999.267.578.100;1.725.500.030.517.570;119840700
11.05.2023;1.720.800.018.310.540;17.357.000.732.421.800;1.667.899.932.861.320;1.686.999.969.482.420;103889900
12.05.2023;16.797.999.572.753.900;1.773.800.048.828.120;16.722.999.572.753.900;17.607.000.732.421.800;157577100
15.05.2023;16.635.000.610.351.500;16.975.999.450.683.500;1.645.500.030.517.570;16.766.000.366.210.900;105592500
16.05.2023;16.652.000.427.246.000;16.952.000.427.246.000;16.435.000.610.351.500;16.564.999.389.648.400;98288800
17.05.2023;17.386.000.061.035.100;174.5;16.719.000.244.140.600;16.841.000.366.210.900;125473600
18.05.2023;17.688.999.938.964.800;17.705.999.755.859.300;1.724.499.969.482.420;17.422.000.122.070.300;109520300
19.05.2023;18.013.999.938.964.800;1.819.499.969.482.420;17.630.999.755.859.300;1.771.699.981.689.450;136024200
22.05.2023;1.888.699.951.171.870;18.932.000.732.421.800;18.011.000.061.035.100;1.806.999.969.482.420;132001400
23.05.2023;18.577.000.427.246.000;1.929.600.067.138.670;18.525.999.450.683.500;1.861.999.969.482.420;156952100
24.05.2023;18.289.999.389.648.400;18.422.000.122.070.300;17.822.000.122.070.300;18.222.999.572.753.900;137605100
25.05.2023;18.447.000.122.070.300;18.677.999.877.929.600;1.805.800.018.310.540;1.865.399.932.861.320;96870700
26.05.2023;1.931.699.981.689.450;19.860.000.610.351.500;18.452.999.877.929.600;1.846.199.951.171.870;162061500
30.05.2023;20.116.000.366.210.900;20.447.999.572.753.900;19.752.999.877.929.600;20.010.000.610.351.500;128818700
31.05.2023;20.392.999.267.578.100;2.039.499.969.482.420;1.951.199.951.171.870;19.977.999.877.929.600;150711700
01.06.2023;20.752.000.427.246.000;2.098.000.030.517.570;1.993.699.951.171.870;20.258.999.633.789.000;148029900
02.06.2023;21.397.000.122.070.300;217.25;209.75;21.014.999.389.648.400;164129000
05.06.2023;21.761.000.061.035.100;2.212.899.932.861.320;21.452.000.427.246.000;2.178.000.030.517.570;151143100
06.06.2023;22.130.999.755.859.300;22.191.000.366.210.900;21.252.999.877.929.600;21.613.999.938.964.800;146911600
07.06.2023;22.457.000.732.421.800;2.308.300.018.310.540;2.231.999.969.482.420;228.0;185710800
08.06.2023;23.486.000.061.035.100;23.522.999.572.753.900;22.300.999.450.683.500;22.422.000.122.070.300;164489700
09.06.2023;24.439.999.389.648.400;2.524.199.981.689.450;24.202.000.427.246.000;24.907.000.732.421.800;199882300
12.06.2023;2.498.300.018.310.540;25.097.000.122.070.300;24.458.999.633.789.000;24.794.000.244.140.600;150337900
13.06.2023;2.587.099.914.550.780;25.967.999.267.578.100;25.133.999.633.789.000;25.350.999.450.683.500;162384300
14.06.2023;2.567.900.085.449.210;26.157.000.732.421.800;250.5;2.601.700.134.277.340;170575500
15.06.2023;25.589.999.389.648.400;25.895.001.220.703.100;2.472.899.932.861.320;24.839.999.389.648.400;160171200
16.06.2023;2.605.400.085.449.210;2.636.000.061.035.150;2.572.099.914.550.780;2.589.200.134.277.340;167563700
20.06.2023;27.445.001.220.703.100;274.75;2.611.199.951.171.870;261.5;165611200
21.06.2023;2.594.599.914.550.780;276.989.990.234.375;2.577.799.987.792.960;2.751.300.048.828.120;211797100
22.06.2023;2.646.099.853.515.620;265.0;248.25;25.077.000.427.246.000;166875900
23.06.2023;2.566.000.061.035.150;26.245.001.220.703.100;2.528.000.030.517.570;2.592.900.085.449.210;176584100
26.06.2023;2.410.500.030.517.570;2.583.699.951.171.870;2.406.999.969.482.420;25.007.000.732.421.800;179990600
27.06.2023;2.502.100.067.138.670;25.038.999.938.964.800;24.085.000.610.351.500;24.324.000.549.316.400;164968200
28.06.2023;256.239.990.234.375;2.598.800.048.828.120;24.888.999.938.964.800;2.496.999.969.482.420;159770800
29.06.2023;257.5;260.739.990.234.375;25.361.000.061.035.100;2.580.299.987.792.960;131283400
30.06.2023;2.617.699.890.136.710;26.445.001.220.703.100;2.598.900.146.484.370;2.606.000.061.035.150;112267600
03.07.2023;27.982.000.732.421.800;284.25;2.751.099.853.515.620;276.489.990.234.375;119685900
05.07.2023;2.824.800.109.863.280;2.838.500.061.035.150;2.776.000.061.035.150;27.882.000.732.421.800;131530900
06.07.2023;2.765.400.085.449.210;2.799.700.012.207.030;2.728.800.048.828.120;2.780.899.963.378.900;120332100
07.07.2023;27.442.999.267.578.100;2.807.799.987.792.960;2.737.699.890.136.710;27.842.999.267.578.100;113602000
10.07.2023;2.696.099.853.515.620;2.775.199.890.136.710;2.651.000.061.035.150;2.764.700.012.207.030;119425400
11.07.2023;2.697.900.085.449.210;2.708.999.938.964.840;2.663.699.951.171.870;2.686.499.938.964.840;91972400
12.07.2023;271.989.990.234.375;2.765.199.890.136.710;2.714.599.914.550.780;2.763.299.865.722.650;95672100
13.07.2023;2.778.999.938.964.840;27.945.001.220.703.100;2.706.000.061.035.150;2.745.899.963.378.900;112681500
14.07.2023;2.813.800.048.828.120;28.529.998.779.296.800;27.630.999.755.859.300;277.010.009.765.625;119771100
17.07.2023;2.903.800.048.828.120;2.922.300.109.863.280;28.357.000.732.421.800;2.866.300.048.828.120;131569600
18.07.2023;2.933.399.963.378.900;295.260.009.765.625;286.010.009.765.625;2.901.499.938.964.840;112434700
19.07.2023;291.260.009.765.625;2.992.900.085.449.210;2.895.199.890.136.710;2.960.400.085.449.210;142355400
20.07.2023;2.628.999.938.964.840;28.092.999.267.578.100;26.120.001.220.703.100;27.955.999.755.859.300;175158300
21.07.2023;2.600.199.890.136.710;268.0;2.558.000.030.517.570;268.0;161050100
24.07.2023;26.905.999.755.859.300;2.698.500.061.035.150;2.541.199.951.171.870;25.585.000.610.351.500;136508500
25.07.2023;2.652.799.987.792.960;2.728.999.938.964.840;265.0;2.723.800.048.828.120;112757300
26.07.2023;2.643.500.061.035.150;2.680.400.085.449.210;261.75;263.25;95856200
27.07.2023;2.557.100.067.138.670;2.691.300.048.828.120;2.553.000.030.517.570;26.830.999.755.859.300;103697300
28.07.2023;26.644.000.244.140.600;267.25;2.582.300.109.863.280;2.598.599.853.515.620;111446000
31.07.2023;26.742.999.267.578.100;2.690.799.865.722.650;2.637.799.987.792.960;2.674.800.109.863.280;84582200
01.08.2023;26.107.000.732.421.800;2.664.700.012.207.030;260.25;266.260.009.765.625;83166000
02.08.2023;25.411.000.061.035.100;2.595.199.890.136.710;25.049.000.549.316.400;25.557.000.732.421.800;101752900
03.08.2023;25.932.000.732.421.800;260.489.990.234.375;252.0;2.520.399.932.861.320;97569100
04.08.2023;25.386.000.061.035.100;2.647.699.890.136.710;25.311.000.061.035.100;2.609.700.012.207.030;99242600
07.08.2023;2.514.499.969.482.420;25.364.999.389.648.400;24.275.999.450.683.500;2.514.499.969.482.420;111097900
08.08.2023;2.496.999.969.482.420;2.509.199.981.689.450;24.500.999.450.683.500;2.474.499.969.482.420;96642200
09.08.2023;24.219.000.244.140.600;25.110.000.610.351.500;24.189.999.389.648.400;2.508.699.951.171.870;101596300
10.08.2023;24.533.999.633.789.000;2.518.000.030.517.570;243.0;24.539.999.389.648.400;109498600
11.08.2023;24.264.999.389.648.400;2.437.899.932.861.320;23.802.000.427.246.000;24.177.000.427.246.000;98866600
14.08.2023;23.975.999.450.683.500;24.066.000.366.210.900;233.75;2.356.999.969.482.420;98595300
15.08.2023;2.329.600.067.138.670;240.5;23.261.000.061.035.100;23.872.999.572.753.900;88197600
16.08.2023;22.560.000.610.351.500;23.397.000.122.070.300;2.253.800.048.828.120;22.802.000.427.246.000;112484500
17.08.2023;21.922.000.122.070.300;22.674.000.549.316.400;2.188.300.018.310.540;22.605.999.755.859.300;120718400
18.08.2023;21.549.000.549.316.400;2.175.800.018.310.540;21.236.000.061.035.100;2.141.199.951.171.870;135813700
21.08.2023;23.127.999.877.929.600;2.321.300.048.828.120;2.205.800.018.310.540;2.215.500.030.517.570;135702700
22.08.2023;23.319.000.244.140.600;24.082.000.732.421.800;2.295.500.030.517.570;240.25;130597900
23.08.2023;23.686.000.061.035.100;23.897.999.572.753.900;2.292.899.932.861.320;22.933.999.633.789.000;101077600
24.08.2023;2.300.399.932.861.320;2.389.199.981.689.450;22.817.999.267.578.100;23.866.000.366.210.900;99777400
25.08.2023;23.858.999.633.789.000;239.0;23.035.000.610.351.500;23.130.999.755.859.300;106612200
28.08.2023;23.882.000.732.421.800;2.443.800.048.828.120;23.535.000.610.351.500;2.425.800.018.310.540;107673700
29.08.2023;25.717.999.267.578.100;2.574.800.109.863.280;23.777.000.427.246.000;2.385.800.018.310.540;134047600
30.08.2023;2.568.999.938.964.840;260.510.009.765.625;25.058.999.633.789.000;2.541.999.969.482.420;121988400
31.08.2023;2.580.799.865.722.650;26.117.999.267.578.100;2.550.500.030.517.570;25.597.999.572.753.900;108861700
01.09.2023;24.500.999.450.683.500;2.590.799.865.722.650;24.200.999.450.683.500;257.260.009.765.625;132272500
05.09.2023;256.489.990.234.375;258.0;24.486.000.061.035.100;245.0;129469600
06.09.2023;2.519.199.981.689.450;25.538.999.938.964.800;24.505.999.755.859.300;25.513.999.938.964.800;116959800
07.09.2023;25.149.000.549.316.400;25.280.999.755.859.300;24.327.000.427.246.000;24.507.000.732.421.800;115312900
08.09.2023;248.5;2.565.199.890.136.710;2.466.699.981.689.450;25.122.000.122.070.300;118367700
11.09.2023;2.735.799.865.722.650;2.748.500.061.035.150;2.606.099.853.515.620;2.642.699.890.136.710;174667900
12.09.2023;2.674.800.109.863.280;2.783.900.146.484.370;2.666.000.061.035.150;270.760.009.765.625;135999900
13.09.2023;27.129.998.779.296.800;2.749.800.109.863.280;2.681.000.061.035.150;27.007.000.732.421.800;111673700
14.09.2023;2.760.400.085.449.210;2.767.099.914.550.780;2.704.200.134.277.340;27.132.000.732.421.800;107709800
15.09.2023;2.743.900.146.484.370;2.789.800.109.863.280;271.0;27.754.998.779.296.800;133422800
18.09.2023;2.652.799.987.792.960;27.144.000.244.140.600;263.760.009.765.625;2.711.600.036.621.090;101543300
19.09.2023;266.5;2.678.500.061.035.150;26.120.001.220.703.100;2.643.500.061.035.150;103704000
20.09.2023;2.625.899.963.378.900;27.392.999.267.578.100;2.624.599.914.550.780;2.670.400.085.449.210;122514600
21.09.2023;2.556.999.969.482.420;2.608.599.853.515.620;2.542.100.067.138.670;2.578.500.061.035.150;119531000
22.09.2023;2.448.800.048.828.120;2.577.900.085.449.210;24.447.999.572.753.900;2.573.999.938.964.840;127524100
25.09.2023;24.699.000.549.316.400;24.710.000.610.351.500;23.830.999.755.859.300;2.433.800.048.828.120;104636600
26.09.2023;2.441.199.951.171.870;2.495.500.030.517.570;24.166.000.366.210.900;24.297.999.572.753.900;101993600
27.09.2023;240.5;2.453.300.018.310.540;2.345.800.018.310.540;24.425.999.450.683.500;136597200
28.09.2023;2.463.800.048.828.120;2.475.500.030.517.570;23.864.999.389.648.400;24.002.000.427.246.000;117058900
29.09.2023;25.022.000.122.070.300;25.477.000.427.246.000;24.635.000.610.351.500;250.0;128346200
02.10.2023;25.160.000.610.351.500;25.427.999.877.929.600;2.426.199.951.171.870;24.480.999.755.859.300;123810400
03.10.2023;24.652.999.877.929.600;25.002.000.427.246.000;2.444.499.969.482.420;24.861.000.061.035.100;101985300
04.10.2023;2.611.600.036.621.090;2.618.599.853.515.620;24.760.000.610.351.500;24.813.999.938.964.800;129721600
05.10.2023;26.004.998.779.296.800;2.636.000.061.035.150;256.25;260.0;119159200
06.10.2023;2.605.299.987.792.960;2.616.499.938.964.840;25.064.999.389.648.400;25.397.999.572.753.900;117947000
09.10.2023;2.596.700.134.277.340;2.613.599.853.515.620;2.520.500.030.517.570;25.530.999.755.859.300;101377900
10.10.2023;2.636.199.951.171.870;26.894.000.244.140.600;2.576.499.938.964.840;257.75;122656000
11.10.2023;262.989.990.234.375;2.686.000.061.035.150;2.608.999.938.964.840;26.620.001.220.703.100;103706300
12.10.2023;2.588.699.951.171.870;2.654.100.036.621.090;2.566.300.048.828.120;2.629.200.134.277.340;111508100
13.10.2023;2.511.199.951.171.870;2.596.000.061.035.150;25.022.000.122.070.300;2.588.999.938.964.840;102073800
16.10.2023;2.539.199.981.689.450;25.539.999.389.648.400;24.847.999.572.753.900;2.500.500.030.517.570;88917200
17.10.2023;25.485.000.610.351.500;25.717.999.267.578.100;2.470.800.018.310.540;25.010.000.610.351.500;93562900
18.10.2023;24.267.999.267.578.100;2.546.300.048.828.120;2.420.800.018.310.540;2.526.999.969.482.420;125147800
19.10.2023;22.011.000.061.035.100;23.061.000.061.035.100;21.677.999.877.929.600;2.259.499.969.482.420;170772700
20.10.2023;21.199.000.549.316.400;21.886.000.061.035.100;2.104.199.981.689.450;21.700.999.450.683.500;137734000
23.10.2023;2.120.800.018.310.540;21.697.999.572.753.900;20.250.999.450.683.500;210.0;150683400
24.10.2023;21.652.000.427.246.000;2.220.500.030.517.570;21.411.000.061.035.100;216.5;118231100
25.10.2023;2.124.199.981.689.450;22.010.000.610.351.500;2.121.999.969.482.420;2.158.800.048.828.120;107065100
26.10.2023;20.575.999.450.683.500;2.148.000.030.517.570;2.048.800.048.828.120;21.132.000.732.421.800;115112600
27.10.2023;2.073.000.030.517.570;21.241.000.366.210.900;20.577.000.427.246.000;21.060.000.610.351.500;94881200
30.10.2023;19.736.000.061.035.100;2.108.800.048.828.120;1.946.699.981.689.450;20.927.999.877.929.600;136448200
31.10.2023;20.083.999.633.789.000;2.028.000.030.517.570;19.407.000.732.421.800;1.961.199.951.171.870;118068300
01.11.2023;20.566.000.366.210.900;20.599.000.549.316.400;19.785.000.610.351.500;2.040.399.932.861.320;121661700
02.11.2023;21.850.999.450.683.500;2.191.999.969.482.420;2.114.499.969.482.420;21.297.000.122.070.300;125987600
03.11.2023;2.199.600.067.138.670;2.263.699.951.171.870;21.839.999.389.648.400;22.114.999.389.648.400;119281000
06.11.2023;21.927.000.427.246.000;22.632.000.732.421.800;215.0;22.397.999.572.753.900;117335800
07.11.2023;22.217.999.267.578.100;2.231.199.951.171.870;21.572.000.122.070.300;21.997.999.572.753.900;116900100
08.11.2023;22.211.000.061.035.100;22.414.999.389.648.400;21.763.999.938.964.800;22.314.999.389.648.400;106584800
09.11.2023;20.997.999.572.753.900;2.208.000.030.517.570;20.667.999.267.578.100;219.75;142110500
10.11.2023;21.464.999.389.648.400;2.153.800.048.828.120;20.569.000.244.140.600;21.002.999.877.929.600;130994000
13.11.2023;2.237.100.067.138.670;22.539.999.389.648.400;21.161.000.061.035.100;21.560.000.610.351.500;140447600
14.11.2023;23.741.000.366.210.900;23.813.999.938.964.800;23.072.000.122.070.300;23.502.999.877.929.600;149771600
15.11.2023;24.283.999.633.789.000;2.466.999.969.482.420;2.364.499.969.482.420;2.392.899.932.861.320;150354000
16.11.2023;23.358.999.633.789.000;2.408.800.048.828.120;2.309.600.067.138.670;23.949.000.549.316.400;136816800
17.11.2023;2.343.000.030.517.570;23.738.999.938.964.800;2.265.399.932.861.320;232.0;142532800
20.11.2023;23.560.000.610.351.500;23.710.000.610.351.500;23.102.000.427.246.000;2.340.399.932.861.320;116320100
21.11.2023;2.411.999.969.482.420;2.436.199.951.171.870;23.333.999.633.789.000;2.350.399.932.861.320;122288000
22.11.2023;2.342.100.067.138.670;24.400.999.450.683.500;23.139.999.389.648.400;2.420.399.932.861.320;117950600
24.11.2023;2.354.499.969.482.420;238.75;2.323.300.018.310.540;233.75;65125200
27.11.2023;2.360.800.018.310.540;2.383.300.018.310.540;23.210.000.610.351.500;23.688.999.938.964.800;112031800
28.11.2023;24.672.000.122.070.300;247.0;23.400.999.450.683.500;23.667.999.267.578.100;148549900
29.11.2023;24.413.999.938.964.800;252.75;24.275.999.450.683.500;2.492.100.067.138.670;135401300
30.11.2023;2.400.800.018.310.540;24.522.000.122.070.300;23.691.000.366.210.900;24.513.999.938.964.800;132353200
01.12.2023;2.388.300.018.310.540;24.019.000.244.140.600;23.189.999.389.648.400;23.313.999.938.964.800;121173500
04.12.2023;2.355.800.018.310.540;2.393.699.951.171.870;2.332.899.932.861.320;235.75;104099800
05.12.2023;23.872.000.122.070.300;24.666.000.366.210.900;2.336.999.969.482.420;2.338.699.951.171.870;137971100
06.12.2023;2.393.699.951.171.870;24.657.000.732.421.800;2.391.699.981.689.450;2.429.199.981.689.450;126436200
07.12.2023;24.263.999.938.964.800;2.440.800.018.310.540;23.697.999.572.753.900;2.415.500.030.517.570;107142300
08.12.2023;24.383.999.633.789.000;24.527.000.427.246.000;23.927.000.427.246.000;24.027.000.427.246.000;102980100
11.12.2023;23.974.000.549.316.400;24.344.000.244.140.600;2.374.499.969.482.420;24.274.000.549.316.400;97913900
12.12.2023;23.700.999.450.683.500;23.899.000.549.316.400;2.338.699.951.171.870;2.385.500.030.517.570;95328300
13.12.2023;2.392.899.932.861.320;2.403.000.030.517.570;2.281.999.969.482.420;23.419.000.244.140.600;146286300
14.12.2023;2.510.500.030.517.570;2.538.800.048.828.120;2.407.899.932.861.320;24.122.000.122.070.300;160829200
15.12.2023;253.5;2.541.300.048.828.120;2.483.000.030.517.570;2.512.100.067.138.670;135720800
18.12.2023;2.520.800.018.310.540;258.739.990.234.375;25.136.000.061.035.100;25.377.999.877.929.600;116416500
19.12.2023;2.572.200.012.207.030;2.583.399.963.378.900;25.300.999.450.683.500;25.347.999.572.753.900;106737400
20.12.2023;24.713.999.938.964.800;2.598.399.963.378.900;247.0;2.564.100.036.621.090;125097000
21.12.2023;254.5;2.548.000.030.517.570;2.485.500.030.517.570;25.189.999.389.648.400;109594200
22.12.2023;2.525.399.932.861.320;2.582.200.012.207.030;2.513.699.951.171.870;256.760.009.765.625;93249800
26.12.2023;2.566.099.853.515.620;2.579.700.012.207.030;25.291.000.366.210.900;25.449.000.549.316.400;86892400
27.12.2023;26.144.000.244.140.600;2.633.399.963.378.900;2.575.199.890.136.710;2.583.500.061.035.150;106494400
28.12.2023;25.317.999.267.578.100;2.651.300.048.828.120;2.527.100.067.138.670;2.636.600.036.621.090;113619900
29.12.2023;24.847.999.572.753.900;25.519.000.244.140.600;24.742.999.267.578.100;25.510.000.610.351.500;100615300
02.01.2024;2.484.199.981.689.450;251.25;24.441.000.366.210.900;2.500.800.018.310.540;104654200
03.01.2024;2.384.499.969.482.420;24.567.999.267.578.100;23.632.000.732.421.800;24.497.999.572.753.900;121082600
04.01.2024;23.792.999.267.578.100;2.426.999.969.482.420;23.772.999.572.753.900;239.25;102629300
05.01.2024;23.749.000.549.316.400;2.401.199.951.171.870;23.489.999.389.648.400;23.686.000.061.035.100;92379400
08.01.2024;2.404.499.969.482.420;241.25;2.353.000.030.517.570;23.613.999.938.964.800;85166600
09.01.2024;2.349.600.067.138.670;2.389.600.067.138.670;2.320.399.932.861.320;23.811.000.061.035.100;96705700
10.01.2024;23.394.000.244.140.600;235.5;2.312.899.932.861.320;23.510.000.610.351.500;91628500
11.01.2024;22.722.000.122.070.300;23.092.999.267.578.100;2.253.699.951.171.870;23.057.000.732.421.800;105873600
12.01.2024;21.888.999.938.964.800;22.533.999.633.789.000;21.714.999.389.648.400;2.200.800.018.310.540;122889000
16.01.2024;21.991.000.366.210.900;22.349.000.549.316.400;21.217.999.267.578.100;21.510.000.610.351.500;115355000
17.01.2024;2.155.500.030.517.570;2.156.699.981.689.450;21.200.999.450.683.500;21.486.000.061.035.100;103164400
18.01.2024;2.118.800.048.828.120;2.174.499.969.482.420;20.874.000.549.316.400;2.168.800.048.828.120;108595400
19.01.2024;21.219.000.244.140.600;21.319.000.244.140.600;20.755.999.755.859.300;20.999.000.549.316.400;102095800
22.01.2024;2.088.000.030.517.570;2.178.000.030.517.570;20.627.000.427.246.000;21.225.999.450.683.500;117952500
23.01.2024;20.913.999.938.964.800;21.564.999.389.648.400;207.75;2.113.000.030.517.570;106605900
24.01.2024;2.078.300.018.310.540;21.272.999.572.753.900;20.677.000.427.246.000;2.118.800.048.828.120;123369900
25.01.2024;1.826.300.048.828.120;193.0;18.005.999.755.859.300;1.896.999.969.482.420;198076800
26.01.2024;183.25;18.677.999.877.929.600;18.210.000.610.351.500;185.5;107343200
29.01.2024;19.092.999.267.578.100;19.147.999.572.753.900;1.836.699.981.689.450;1.856.300.048.828.120;125013100
30.01.2024;19.158.999.633.789.000;19.636.000.061.035.100;19.061.000.061.035.100;1.953.300.018.310.540;109982300
31.01.2024;1.872.899.932.861.320;19.397.000.122.070.300;18.585.000.610.351.500;187.0;103221400
01.02.2024;18.886.000.061.035.100;1.898.800.048.828.120;18.427.999.877.929.600;188.5;91843300
02.02.2024;18.791.000.366.210.900;18.869.000.244.140.600;182.0;1.850.399.932.861.320;110505100
05.02.2024;18.105.999.755.859.300;18.467.999.267.578.100;17.500.999.450.683.500;18.425.999.450.683.500;134294400
06.02.2024;18.510.000.610.351.500;18.649.000.549.316.400;17.711.000.061.035.100;1.772.100.067.138.670;122676000
07.02.2024;1.875.800.018.310.540;1.897.899.932.861.320;18.267.999.267.578.100;18.817.999.267.578.100;111535200
08.02.2024;18.955.999.755.859.300;1.916.199.951.171.870;1.855.800.018.310.540;189.0;83034000
09.02.2024;19.357.000.732.421.800;1.941.199.951.171.870;18.947.999.572.753.900;19.017.999.267.578.100;84476300
12.02.2024;1.881.300.048.828.120;19.472.999.572.753.900;18.727.999.877.929.600;19.211.000.061.035.100;95498600
13.02.2024;18.402.000.427.246.000;18.725.999.450.683.500;18.211.000.061.035.100;18.399.000.549.316.400;86759500
14.02.2024;1.887.100.067.138.670;18.888.999.938.964.800;18.335.000.610.351.500;1.853.000.030.517.570;81203000
15.02.2024;2.004.499.969.482.420;2.008.800.048.828.120;18.886.000.061.035.100;18.916.000.366.210.900;120831800
16.02.2024;1.999.499.969.482.420;2.031.699.981.689.450;19.739.999.389.648.400;20.205.999.755.859.300;111173600
20.02.2024;19.375.999.450.683.500;19.860.000.610.351.500;1.891.300.048.828.120;1.961.300.048.828.120;104545800
21.02.2024;19.477.000.427.246.000;19.944.000.244.140.600;1.919.499.969.482.420;19.336.000.061.035.100;103844000
22.02.2024;19.741.000.366.210.900;19.832.000.732.421.800;19.136.000.061.035.100;194.0;92739500
23.02.2024;19.197.000.122.070.300;19.757.000.732.421.800;191.5;19.530.999.755.859.300;78841900
26.02.2024;19.939.999.389.648.400;20.177.999.877.929.600;192.0;1.922.899.932.861.320;111747100
27.02.2024;19.972.999.572.753.900;20.560.000.610.351.500;19.825.999.450.683.500;2.040.399.932.861.320;108645400
28.02.2024;2.020.399.932.861.320;2.053.000.030.517.570;19.844.000.244.140.600;2.004.199.981.689.450;99806200
29.02.2024;2.018.800.048.828.120;20.527.999.877.929.600;1.984.499.969.482.420;20.417.999.267.578.100;85907000
01.03.2024;20.263.999.938.964.800;20.452.000.427.246.000;198.5;20.052.000.427.246.000;82099200
04.03.2024;18.813.999.938.964.800;199.75;18.672.000.122.070.300;19.872.999.572.753.900;134334900
05.03.2024;18.074.000.549.316.400;18.458.999.633.789.000;17.757.000.732.421.800;1.830.500.030.517.570;119660800
06.03.2024;1.765.399.932.861.320;1.815.800.018.310.540;1.736.999.969.482.420;17.999.000.549.316.400;107920900
07.03.2024;17.864.999.389.648.400;1.800.399.932.861.320;1.736.999.969.482.420;17.435.000.610.351.500;102129000
08.03.2024;17.533.999.633.789.000;18.272.999.572.753.900;1.746.999.969.482.420;181.5;85315300
11.03.2024;17.777.000.427.246.000;1.828.699.951.171.870;1.748.000.030.517.570;1.754.499.969.482.420;85391500
12.03.2024;1.775.399.932.861.320;17.942.999.267.578.100;17.241.000.366.210.900;17.777.000.427.246.000;87391700
13.03.2024;16.947.999.572.753.900;1.760.500.030.517.570;16.914.999.389.648.400;1.730.500.030.517.570;106524500
14.03.2024;162.5;1.711.699.981.689.450;16.050.999.450.683.500;16.777.000.427.246.000;126325700
15.03.2024;16.357.000.732.421.800;16.517.999.267.578.100;16.075.999.450.683.500;16.316.000.366.210.900;96971900
18.03.2024;1.738.000.030.517.570;17.472.000.122.070.300;16.589.999.389.648.400;17.002.000.427.246.000;108214400
19.03.2024;17.132.000.732.421.800;17.282.000.732.421.800;1.674.199.981.689.450;17.236.000.061.035.100;77271400
20.03.2024;17.566.000.366.210.900;176.25;17.082.000.732.421.800;173.0;83846700
21.03.2024;17.282.000.732.421.800;17.817.999.267.578.100;1.718.000.030.517.570;17.638.999.938.964.800;73178000
22.03.2024;1.708.300.018.310.540;1.711.999.969.482.420;1.663.000.030.517.570;16.669.000.244.140.600;75454700
25.03.2024;1.726.300.048.828.120;17.524.000.549.316.400;16.872.999.572.753.900;16.875.999.450.683.500;74228600
26.03.2024;1.776.699.981.689.450;184.25;1.773.800.048.828.120;1.785.800.018.310.540;113186200
27.03.2024;1.798.300.018.310.540;18.191.000.366.210.900;176.0;18.141.000.366.210.900;81804000
28.03.2024;1.757.899.932.861.320;17.957.000.732.421.800;1.753.000.030.517.570;1.774.499.969.482.420;77654800
01.04.2024;17.522.000.122.070.300;176.75;1.702.100.067.138.670;1.761.699.981.689.450;81562100
02.04.2024;1.666.300.048.828.120;16.769.000.244.140.600;16.342.999.267.578.100;164.75;116650600
03.04.2024;1.683.800.048.828.120;16.882.000.732.421.800;16.327.999.877.929.600;16.402.000.427.246.000;82950100
04.04.2024;17.111.000.061.035.100;17.719.000.244.140.600;16.800.999.450.683.500;17.007.000.732.421.800;123162000
05.04.2024;16.489.999.389.648.400;17.086.000.061.035.100;16.050.999.450.683.500;1.690.800.018.310.540;141250700
08.04.2024;17.297.999.572.753.900;174.5;1.677.899.932.861.320;16.933.999.633.789.000;104423300
09.04.2024;1.768.800.048.828.120;17.922.000.122.070.300;1.719.199.981.689.450;17.291.000.366.210.900;103232700
10.04.2024;17.175.999.450.683.500;17.492.999.267.578.100;17.000.999.450.683.500;1.730.399.932.861.320;84532400
11.04.2024;17.460.000.610.351.500;1.758.800.048.828.120;16.850.999.450.683.500;1.725.500.030.517.570;94516000
12.04.2024;1.710.500.030.517.570;17.380.999.755.859.300;17.036.000.061.035.100;17.233.999.633.789.000;64506600
15.04.2024;16.147.999.572.753.900;17.069.000.244.140.600;1.613.800.048.828.120;17.024.000.549.316.400;100245300
16.04.2024;15.711.000.061.035.100;15.819.000.244.140.600;153.75;15.674.000.549.316.400;97000000
17.04.2024;1.554.499.969.482.420;1.583.300.018.310.540;15.377.999.877.929.600;15.763.999.938.964.800;82439700
18.04.2024;14.992.999.267.578.100;1.521.999.969.482.420;1.486.999.969.482.420;151.25;96098800
19.04.2024;1.470.500.030.517.570;15.094.000.244.140.600;14.622.000.122.070.300;14.897.000.122.070.300;86005100
22.04.2024;1.420.500.030.517.570;14.444.000.244.140.600;1.388.000.030.517.570;14.055.999.755.859.300;107097600
23.04.2024;14.467.999.267.578.100;14.725.999.450.683.500;14.111.000.061.035.100;1.433.300.018.310.540;124545100
24.04.2024;1.621.300.048.828.120;16.797.000.122.070.300;15.750.999.450.683.500;16.283.999.633.789.000;181178000
25.04.2024;17.017.999.267.578.100;1.708.800.048.828.120;15.836.000.061.035.100;1.589.600.067.138.670;126427500
26.04.2024;1.682.899.932.861.320;1.721.199.951.171.870;1.663.699.951.171.870;16.885.000.610.351.500;109815700
29.04.2024;1.940.500.030.517.570;1.988.699.951.171.870;1.845.399.932.861.320;1.884.199.981.689.450;243869700
30.04.2024;18.327.999.877.929.600;1.909.499.969.482.420;18.283.999.633.789.000;18.697.999.572.753.900;127031800
01.05.2024;17.999.000.549.316.400;18.586.000.061.035.100;17.900.999.450.683.500;182.0;92829700
02.05.2024;18.000.999.450.683.500;18.460.000.610.351.500;17.602.000.427.246.000;18.286.000.061.035.100;89148000
03.05.2024;18.119.000.244.140.600;18.477.999.877.929.600;1.784.199.981.689.450;18.210.000.610.351.500;75491500
06.05.2024;18.475.999.450.683.500;18.755.999.755.859.300;1.821.999.969.482.420;1.838.000.030.517.570;84390300
07.05.2024;17.780.999.755.859.300;18.325.999.450.683.500;17.739.999.389.648.400;18.239.999.389.648.400;75045900
08.05.2024;17.472.000.122.070.300;17.605.999.755.859.300;17.014.999.389.648.400;17.158.999.633.789.000;79969500
09.05.2024;17.197.000.122.070.300;1.756.199.951.171.870;1.713.699.951.171.870;17.500.999.450.683.500;65950300
10.05.2024;16.847.000.122.070.300;17.305.999.755.859.300;167.75;1.730.500.030.517.570;72627200
13.05.2024;17.188.999.938.964.800;17.539.999.389.648.400;169.0;170.0;67018900
14.05.2024;1.775.500.030.517.570;17.949.000.549.316.400;17.407.000.732.421.800;174.5;86407400
15.05.2024;17.399.000.549.316.400;180.0;17.311.000.061.035.100;17.989.999.389.648.400;79663000
16.05.2024;17.483.999.633.789.000;1.757.899.932.861.320;17.142.999.267.578.100;17.410.000.610.351.500;59812200
17.05.2024;1.774.600.067.138.670;1.796.300.048.828.120;172.75;1.735.500.030.517.570;77445800
20.05.2024;1.749.499.969.482.420;177.75;17.352.000.427.246.000;17.755.999.755.859.300;61727400
21.05.2024;18.660.000.610.351.500;1.868.800.048.828.120;1.747.100.067.138.670;17.550.999.450.683.500;115266500
22.05.2024;18.011.000.061.035.100;1.838.000.030.517.570;1.781.199.951.171.870;18.285.000.610.351.500;88313500
23.05.2024;17.374.000.549.316.400;18.189.999.389.648.400;17.325.999.450.683.500;1.818.000.030.517.570;71975500
24.05.2024;17.924.000.549.316.400;1.800.800.018.310.540;17.372.999.572.753.900;17.483.999.633.789.000;65479700
28.05.2024;176.75;178.25;17.316.000.366.210.900;17.639.999.389.648.400;59736600
29.05.2024;17.619.000.244.140.600;17.814.999.389.648.400;17.392.999.267.578.100;17.419.000.244.140.600;54782600
30.05.2024;1.787.899.932.861.320;1.826.699.981.689.450;1.753.800.048.828.120;1.785.800.018.310.540;77784800
31.05.2024;1.780.800.018.310.540;18.032.000.732.421.800;17.382.000.732.421.800;178.5;67314600
03.06.2024;1.762.899.932.861.320;18.263.999.938.964.800;17.449.000.549.316.400;1.781.300.048.828.120;68568900
04.06.2024;17.477.000.427.246.000;17.775.999.450.683.500;174.0;17.477.999.877.929.600;60056300
05.06.2024;175.0;17.614.999.389.648.400;1.721.300.048.828.120;17.535.000.610.351.500;57953800
06.06.2024;17.794.000.244.140.600;17.972.999.572.753.900;17.272.999.572.753.900;17.460.000.610.351.500;69887000
07.06.2024;17.747.999.572.753.900;17.935.000.610.351.500;1.755.800.018.310.540;1.761.300.048.828.120;56244900
10.06.2024;1.737.899.932.861.320;17.857.000.732.421.800;1.731.699.981.689.450;17.605.999.755.859.300;50869700
11.06.2024;17.066.000.366.210.900;174.75;16.741.000.366.210.900;1.739.199.981.689.450;64761900
12.06.2024;1.772.899.932.861.320;1.805.500.030.517.570;1.698.000.030.517.570;1.711.199.951.171.870;90389400
13.06.2024;18.247.000.122.070.300;1.910.800.018.310.540;18.122.999.572.753.900;18.838.999.938.964.800;118984100
14.06.2024;17.800.999.450.683.500;186.0;1.769.199.981.689.450;1.858.000.030.517.570;82038200
17.06.2024;18.744.000.244.140.600;18.880.999.755.859.300;177.0;1.779.199.981.689.450;109786100
18.06.2024;18.486.000.061.035.100;1.871.999.969.482.420;1.823.699.951.171.870;18.655.999.755.859.300;68982300
20.06.2024;18.157.000.732.421.800;1.852.100.067.138.670;17.966.000.366.210.900;18.467.999.267.578.100;55893100
21.06.2024;18.300.999.450.683.500;1.839.499.969.482.420;18.069.000.244.140.600;1.823.000.030.517.570;63029500
24.06.2024;1.825.800.018.310.540;1.888.000.030.517.570;1.825.500.030.517.570;18.497.000.122.070.300;61992100
25.06.2024;18.735.000.610.351.500;18.797.000.122.070.300;18.200.999.450.683.500;18.439.999.389.648.400;63678300
26.06.2024;1.963.699.951.171.870;19.775.999.450.683.500;18.636.000.061.035.100;1.865.399.932.861.320;95737100
27.06.2024;1.974.199.981.689.450;19.872.000.122.070.300;1.940.500.030.517.570;1.951.699.981.689.450;72746500
28.06.2024;1.978.800.048.828.120;2.031.999.969.482.420;19.525.999.450.683.500;1.995.500.030.517.570;95438100
01.07.2024;20.986.000.061.035.100;21.322.999.572.753.900;20.085.000.610.351.500;20.102.000.427.246.000;135691400
02.07.2024;23.125.999.450.683.500;2.313.000.030.517.570;21.805.999.755.859.300;21.888.999.938.964.800;205047900
03.07.2024;24.638.999.938.964.800;24.835.000.610.351.500;234.25;23.455.999.755.859.300;166561500
05.07.2024;25.152.000.427.246.000;2.523.699.951.171.870;2.424.600.067.138.670;24.980.999.755.859.300;154501200
08.07.2024;25.294.000.244.140.600;25.944.000.244.140.600;24.457.000.732.421.800;2.477.100.067.138.670;157219600
09.07.2024;2.623.299.865.722.650;2.656.099.853.515.620;2.503.000.030.517.570;251.0;160210900
10.07.2024;263.260.009.765.625;2.675.899.963.378.900;2.578.599.853.515.620;26.279.998.779.296.800;128519400
11.07.2024;24.102.999.877.929.600;271.0;23.964.999.389.648.400;26.329.998.779.296.800;221707300
12.07.2024;24.822.999.572.753.900;25.183.999.633.789.000;23.308.999.633.789.000;2.358.000.030.517.570;155955800
15.07.2024;25.263.999.938.964.800;2.656.000.061.035.150;25.172.999.572.753.900;25.597.000.122.070.300;146912900
16.07.2024;25.655.999.755.859.300;2.586.199.951.171.870;2.458.000.030.517.570;25.530.999.755.859.300;126332500
17.07.2024;248.5;2.584.700.012.207.030;24.617.999.267.578.100;25.272.999.572.753.900;115584800
18.07.2024;24.922.999.572.753.900;2.571.400.146.484.370;2.471.999.969.482.420;25.108.999.633.789.000;110869000
19.07.2024;2.391.999.969.482.420;24.944.000.244.140.600;2.368.300.018.310.540;2.477.899.932.861.320;87403900
22.07.2024;25.150.999.450.683.500;2.532.100.067.138.670;243.75;2.442.100.067.138.670;101225400
23.07.2024;2.463.800.048.828.120;25.575.999.450.683.500;2.456.300.048.828.120;25.360.000.610.351.500;111928200
24.07.2024;21.599.000.549.316.400;22.599.000.549.316.400;2.147.100.067.138.670;2.254.199.981.689.450;167942900
25.07.2024;220.25;226.0;21.622.999.572.753.900;2.168.000.030.517.570;100636500
26.07.2024;2.198.000.030.517.570;22.227.999.877.929.600;2.153.300.018.310.540;22.119.000.244.140.600;94604100
29.07.2024;23.210.000.610.351.500;23.427.000.427.246.000;2.246.999.969.482.420;22.489.999.389.648.400;129201800
30.07.2024;2.226.199.951.171.870;23.241.000.366.210.900;220.0;232.25;100560300
31.07.2024;23.207.000.732.421.800;23.467.999.267.578.100;2.267.899.932.861.320;22.789.999.389.648.400;67497000
01.08.2024;21.686.000.061.035.100;2.318.699.951.171.870;2.143.300.018.310.540;22.769.000.244.140.600;83861900
02.08.2024;2.076.699.981.689.450;2.161.300.048.828.120;20.577.999.877.929.600;2.148.800.048.828.120;82880100
05.08.2024;1.988.800.048.828.120;2.038.800.048.828.120;182.0;18.522.000.122.070.300;100308800
06.08.2024;20.063.999.938.964.800;20.289.999.389.648.400;1.926.699.981.689.450;200.75;73783900
07.08.2024;19.175.999.450.683.500;20.349.000.549.316.400;19.147.999.572.753.900;20.077.000.427.246.000;71159800
08.08.2024;19.883.999.633.789.000;2.006.999.969.482.420;1.920.399.932.861.320;1.956.999.969.482.420;65033900
09.08.2024;200.0;2.008.800.048.828.120;19.511.000.061.035.100;1.970.500.030.517.570;58648300
12.08.2024;19.749.000.549.316.400;19.925.999.450.683.500;1.946.699.981.689.450;19.902.000.427.246.000;64044900
13.08.2024;2.078.300.018.310.540;20.849.000.549.316.400;19.705.999.755.859.300;19.847.000.122.070.300;76247400
14.08.2024;2.013.800.048.828.120;20.844.000.244.140.600;198.75;20.738.999.938.964.800;70250000
15.08.2024;21.413.999.938.964.800;2.158.800.048.828.120;20.482.000.732.421.800;20.502.000.427.246.000;89848500
16.08.2024;2.161.199.951.171.870;2.198.000.030.517.570;2.108.000.030.517.570;21.114.999.389.648.400;88765100
19.08.2024;22.272.000.122.070.300;22.297.999.572.753.900;21.408.999.633.789.000;21.707.000.732.421.800;76435200
20.08.2024;22.110.000.610.351.500;22.822.000.122.070.300;21.955.999.755.859.300;2.248.800.048.828.120;74001200
21.08.2024;22.327.000.427.246.000;22.466.000.366.210.900;21.886.000.061.035.100;2.226.699.981.689.450;70146000
22.08.2024;21.066.000.366.210.900;2.248.000.030.517.570;21.032.000.732.421.800;22.382.000.732.421.800;79514500
23.08.2024;22.032.000.732.421.800;22.147.999.572.753.900;2.142.100.067.138.670;2.144.600.067.138.670;81525200
26.08.2024;2.132.100.067.138.670;21.908.999.633.789.000;21.100.999.450.683.500;218.75;59301200
27.08.2024;2.092.100.067.138.670;21.566.000.366.210.900;20.694.000.244.140.600;213.25;62821400
28.08.2024;205.75;21.183.999.633.789.000;20.258.999.633.789.000;20.972.000.122.070.300;64116400
29.08.2024;20.627.999.877.929.600;21.488.999.938.964.800;20.597.000.122.070.300;2.098.000.030.517.570;62308800
30.08.2024;21.411.000.061.035.100;21.457.000.732.421.800;20.702.999.877.929.600;2.086.300.048.828.120;63370600
03.09.2024;21.060.000.610.351.500;21.989.999.389.648.400;20.963.999.938.964.800;21.525.999.450.683.500;76714200
04.09.2024;21.941.000.366.210.900;22.222.000.122.070.300;21.057.000.732.421.800;21.058.999.633.789.000;80651800
05.09.2024;2.301.699.981.689.450;235.0;222.25;22.349.000.549.316.400;119355000
06.09.2024;21.072.999.572.753.900;23.360.000.610.351.500;21.050.999.450.683.500;23.260.000.610.351.500;112177000
09.09.2024;21.627.000.427.246.000;2.198.699.951.171.870;2.136.699.981.689.450;2.161.999.969.482.420;67443500
10.09.2024;2.261.699.981.689.450;22.639.999.389.648.400;21.863.999.938.964.800;22.007.000.732.421.800;78891100
11.09.2024;2.281.300.048.828.120;22.847.000.122.070.300;2.168.000.030.517.570;2.245.500.030.517.570;83548600
12.09.2024;22.980.999.755.859.300;2.314.499.969.482.420;2.238.300.018.310.540;22.466.000.366.210.900;72020000
13.09.2024;2.302.899.932.861.320;2.326.699.981.689.450;22.632.000.732.421.800;228.0;59515100
16.09.2024;22.677.999.877.929.600;2.299.600.067.138.670;22.352.999.877.929.600;2.293.000.030.517.570;54323000
17.09.2024;2.278.699.951.171.870;23.457.000.732.421.800;2.265.500.030.517.570;2.294.499.969.482.420;66761600
18.09.2024;2.271.999.969.482.420;23.567.999.267.578.100;2.268.800.048.828.120;23.008.999.633.789.000;78010200
19.09.2024;2.439.199.981.689.450;24.424.000.549.316.400;2.321.300.048.828.120;234.0;102694600
20.09.2024;238.25;24.399.000.549.316.400;2.359.199.981.689.450;24.152.000.427.246.000;99879100
23.09.2024;250.0;250.0;2.419.199.981.689.450;24.261.000.061.035.100;86927200
24.09.2024;25.427.000.427.246.000;25.719.000.244.140.600;2.490.500.030.517.570;2.540.800.018.310.540;88491000
25.09.2024;2.570.199.890.136.710;25.704.998.779.296.800;25.227.999.877.929.600;2.525.399.932.861.320;65034300
26.09.2024;25.422.000.122.070.300;261.75;25.152.999.877.929.600;2.606.000.061.035.150;67142200
27.09.2024;2.604.599.914.550.780;26.070.001.220.703.100;2.541.199.951.171.870;2.573.800.048.828.120;70988100
30.09.2024;2.616.300.048.828.120;2.648.599.853.515.620;25.577.000.427.246.000;2.590.400.085.449.210;80705700
01.10.2024;2.580.199.890.136.710;2.639.800.109.863.280;24.852.999.877.929.600;2.626.700.134.277.340;87397600
02.10.2024;24.902.000.427.246.000;25.116.000.366.210.900;241.5;2.475.500.030.517.570;93983900
03.10.2024;24.066.000.366.210.900;2.497.899.932.861.320;23.780.999.755.859.300;24.447.999.572.753.900;80729200
04.10.2024;2.500.800.018.310.540;2.509.600.067.138.670;2.445.800.018.310.540;24.669.000.244.140.600;86573200
07.10.2024;2.408.300.018.310.540;2.498.300.018.310.540;2.406.999.969.482.420;249.0;68113300
08.10.2024;244.5;2.462.100.067.138.670;24.055.999.755.859.300;24.355.999.755.859.300;56303200
09.10.2024;2.410.500.030.517.570;24.742.999.267.578.100;23.950.999.450.683.500;24.382.000.732.421.800;66289500
10.10.2024;23.877.000.427.246.000;2.427.899.932.861.320;23.233.999.633.789.000;24.180.999.755.859.300;83087100
11.10.2024;2.178.000.030.517.570;22.333.999.633.789.000;2.143.800.048.828.120;2.201.300.048.828.120;142628900
14.10.2024;21.916.000.366.210.900;22.191.000.366.210.900;21.374.000.549.316.400;2.201.300.048.828.120;86291900
15.10.2024;21.957.000.732.421.800;22.425.999.450.683.500;2.171.199.951.171.870;22.000.999.450.683.500;62988800
16.10.2024;2.213.300.018.310.540;22.282.000.732.421.800;21.892.999.267.578.100;22.139.999.389.648.400;49632800
17.10.2024;22.088.999.938.964.800;2.220.800.018.310.540;21.789.999.389.648.400;22.158.999.633.789.000;50791800
18.10.2024;2.206.999.969.482.420;22.227.999.877.929.600;21.922.999.572.753.900;2.207.100.067.138.670;49611900
21.10.2024;21.885.000.610.351.500;22.047.999.572.753.900;21.572.999.572.753.900;21.889.999.389.648.400;47329000
22.10.2024;21.797.000.122.070.300;21.822.000.122.070.300;21.525.999.450.683.500;21.730.999.755.859.300;43268700
23.10.2024;21.364.999.389.648.400;21.872.000.122.070.300;21.211.000.061.035.100;2.171.300.048.828.120;80938900
24.10.2024;2.604.800.109.863.280;2.621.199.951.171.870;24.264.999.389.648.400;24.467.999.267.578.100;204491900
25.10.2024;26.919.000.244.140.600;269.489.990.234.375;25.532.000.732.421.800;256.010.009.765.625;161611900
28.10.2024;262.510.009.765.625;2.735.400.085.449.210;262.239.990.234.375;270.0;107653600
29.10.2024;2.595.199.890.136.710;2.649.800.109.863.280;25.550.999.450.683.500;264.510.009.765.625;80521800
30.10.2024;25.754.998.779.296.800;2.633.500.061.035.150;25.582.000.732.421.800;2.580.400.085.449.210;53993600
31.10.2024;24.985.000.610.351.500;259.75;249.25;257.989.990.234.375;66575300
01.11.2024;24.897.999.572.753.900;254.0;2.466.300.048.828.120;2.520.399.932.861.320;57544800
04.11.2024;24.283.999.633.789.000;24.889.999.389.648.400;2.388.800.048.828.120;24.455.999.755.859.300;68802400
05.11.2024;25.144.000.244.140.600;25.527.999.877.929.600;2.462.100.067.138.670;24.733.999.633.789.000;69282500
06.11.2024;2.885.299.987.792.960;2.895.899.963.378.900;2.756.199.951.171.870;2.846.700.134.277.340;165228700
07.11.2024;2.969.100.036.621.090;299.75;2.855.199.890.136.710;2.888.900.146.484.370;117309200
08.11.2024;3.212.200.012.207.030;3.287.099.914.550.780;2.976.600.036.621.090;2.991.400.146.484.370;204782800
11.11.2024;350.0;3.586.400.146.484.370;336.0;34.629.998.779.296.800;210521600
12.11.2024;328.489.990.234.375;3.458.399.963.378.900;32.330.999.755.859.300;342.739.990.234.375;155726000
13.11.2024;330.239.990.234.375;3.446.000.061.035.150;322.5;3.358.500.061.035.150;125405600
14.11.2024;31.117.999.267.578.100;3.299.800.109.863.280;3.103.699.951.171.870;32.769.000.244.140.600;120726100
15.11.2024;3.207.200.012.207.030;32.467.999.267.578.100;3.092.200.012.207.030;31.057.000.732.421.800;114440300
18.11.2024;338.739.990.234.375;34.854.998.779.296.800;330.010.009.765.625;3.407.300.109.863.280;126547500
19.11.2024;346.0;3.473.800.048.828.120;332.75;335.760.009.765.625;88852500
20.11.2024;3.420.299.987.792.960;3.466.000.061.035.150;33.429.998.779.296.800;345.0;66340700
21.11.2024;3.396.400.146.484.370;347.989.990.234.375;3.352.799.987.792.960;34.380.999.755.859.300;58011700
22.11.2024;35.255.999.755.859.300;3.615.299.987.792.960;33.770.001.220.703.100;3.410.899.963.378.900;89140700
25.11.2024;3.385.899.963.378.900;36.192.999.267.578.100;33.820.001.220.703.100;3.601.400.146.484.370;95890900
26.11.2024;3.382.300.109.863.280;3.469.599.914.550.780;3.356.600.036.621.090;341.0;62295900
27.11.2024;3.328.900.146.484.370;34.254.998.779.296.800;3.265.899.963.378.900;34.179.998.779.296.800;57896400
29.11.2024;3.451.600.036.621.090;34.545.001.220.703.100;3.346.499.938.964.840;3.360.799.865.722.650;37167600
02.12.2024;3.570.899.963.378.900;360.0;3.511.499.938.964.840;3.523.800.048.828.120;77986500
03.12.2024;3.514.200.134.277.340;35.569.000.244.140.600;34.820.001.220.703.100;35.179.998.779.296.800;58267200
04.12.2024;35.792.999.267.578.100;3.581.000.061.035.150;3.486.000.061.035.150;353.0;50810900
05.12.2024;369.489.990.234.375;37.542.999.267.578.100;359.5;3.598.699.951.171.870;81403600
06.12.2024;3.892.200.012.207.030;389.489.990.234.375;37.079.998.779.296.800;3.774.200.134.277.340;81455800
09.12.2024;3.897.900.085.449.210;40.479.998.779.296.800;378.010.009.765.625;3.976.099.853.515.620;96359200
10.12.2024;400.989.990.234.375;4.097.300.109.863.280;3.908.500.061.035.150;39.267.999.267.578.100;97563600
11.12.2024;4.247.699.890.136.710;4.248.800.048.828.120;4.023.800.048.828.120;40.970.001.220.703.100;104287600
12.12.2024;4.181.000.061.035.150;42.929.998.779.296.800;415.0;4.248.399.963.378.900;87752200
13.12.2024;4.362.300.109.863.280;43.629.998.779.296.800;4.157.099.914.550.780;420.0;89000200
16.12.2024;4.630.199.890.136.710;46.319.000.244.140.600;4.361.499.938.964.840;4.410.899.963.378.900;114083800
17.12.2024;4.798.599.853.515.620;483.989.990.234.375;457.510.009.765.625;4.758.999.938.964.840;131223000
18.12.2024;4.401.300.048.828.120;4.885.400.085.449.210;427.010.009.765.625;466.5;149340800
19.12.2024;4.361.700.134.277.340;4.563.599.853.515.620;4.200.199.890.136.710;4.518.800.048.828.120;118566100
20.12.2024;42.105.999.755.859.300;4.470.799.865.722.650;4.176.400.146.484.370;425.510.009.765.625;132216200
23.12.2024;4.306.000.061.035.150;434.510.009.765.625;4.154.100.036.621.090;431.0;72698100
24.12.2024;4.622.799.987.792.960;4.627.799.987.792.960;4.351.400.146.484.370;4.358.999.938.964.840;59551800
26.12.2024;4.541.300.048.828.120;4.653.299.865.722.650;4.510.199.890.136.710;4.651.600.036.621.090;76366400
27.12.2024;4.316.600.036.621.090;450.0;426.5;4.495.199.890.136.710;82666800
30.12.2024;4.174.100.036.621.090;427.0;415.75;4.193.999.938.964.840;64941000
31.12.2024;4.038.399.963.378.900;42.792.999.267.578.100;4.025.400.085.449.210;4.237.900.085.449.210;76825100
02.01.2025;3.792.799.987.792.960;3.927.300.109.863.280;3.730.400.085.449.210;3.901.000.061.035.150;109710700
03.01.2025;41.044.000.244.140.600;4.118.800.048.828.120;37.945.001.220.703.100;3.814.800.109.863.280;95423300
06.01.2025;41.104.998.779.296.800;42.642.999.267.578.100;40.170.001.220.703.100;42.320.001.220.703.100;85516500
07.01.2025;3.943.599.853.515.620;4.143.299.865.722.650;390.0;4.058.299.865.722.650;75699500
08.01.2025;39.494.000.244.140.600;402.5;3.873.999.938.964.840;39.295.001.220.703.100;73038800
10.01.2025;394.739.990.234.375;3.992.799.987.792.960;3.772.900.085.449.210;3.913.999.938.964.840;62287300
13.01.2025;40.330.999.755.859.300;4.037.900.085.449.210;38.007.000.732.421.800;3.832.099.914.550.780;67580500
14.01.2025;3.963.599.853.515.620;4.226.400.146.484.370;3.945.400.085.449.210;4.143.399.963.378.900;84565000
15.01.2025;4.282.200.012.207.030;42.979.998.779.296.800;4.056.600.036.621.090;4.098.999.938.964.840;81375500
16.01.2025;41.382.000.732.421.800;424.0;4.091.300.048.828.120;423.489.990.234.375;68335200
17.01.2025;426.5;439.739.990.234.375;419.75;421.5;94991400
21.01.2025;42.407.000.732.421.800;43.320.001.220.703.100;40.630.999.755.859.300;4.326.400.146.484.370;87320900
22.01.2025;4.151.099.853.515.620;428.0;4.145.899.963.378.900;41.680.999.755.859.300;60963300
23.01.2025;4.123.800.048.828.120;4.207.300.109.863.280;40.895.001.220.703.100;41.605.999.755.859.300;50690600
24.01.2025;4.065.799.865.722.650;4.188.800.048.828.120;4.057.799.987.792.960;41.445.001.220.703.100;56427100
27.01.2025;3.971.499.938.964.840;40.669.000.244.140.600;389.0;39.479.998.779.296.800;58125500
28.01.2025;3.980.899.963.378.900;4.005.899.963.378.900;386.5;3.969.100.036.621.090;48910700
29.01.2025;3.891.000.061.035.150;3.985.899.963.378.900;3.844.800.109.863.280;3.952.099.914.550.780;68033600
30.01.2025;4.002.799.987.792.960;412.5;3.844.100.036.621.090;4.107.799.987.792.960;98092900
31.01.2025;4.046.000.061.035.150;419.989.990.234.375;4.013.399.963.378.900;4.015.299.987.792.960;83568200
03.02.2025;38.367.999.267.578.100;3.891.700.134.277.340;3.743.599.853.515.620;38.667.999.267.578.100;93732100
04.02.2025;3.922.099.914.550.780;394.0;3.813.999.938.964.840;3.826.300.048.828.120;57072200
05.02.2025;3.781.700.134.277.340;3.883.900.146.484.370;3.755.299.987.792.960;387.510.009.765.625;57223300
06.02.2025;37.432.000.732.421.800;3.753.999.938.964.840;36.317.999.267.578.100;3.730.299.987.792.960;77918200
07.02.2025;3.616.199.951.171.870;38.054.998.779.296.800;3.603.399.963.378.900;37.019.000.244.140.600;70298300
10.02.2025;3.507.300.109.863.280;36.270.001.220.703.100;350.510.009.765.625;3.562.099.914.550.780;77514900
11.02.2025;328.5;3.493.699.951.171.870;3.251.000.061.035.150;34.579.998.779.296.800;118543400
12.02.2025;336.510.009.765.625;3.463.999.938.964.840;3.291.199.951.171.870;32.994.000.244.140.600;105382700
13.02.2025;35.594.000.244.140.600;35.869.000.244.140.600;3.428.500.061.035.150;345.0;89441500
14.02.2025;3.558.399.963.378.900;362.0;347.5;3.606.199.951.171.870;68277300
18.02.2025;3.541.099.853.515.620;3.591.000.061.035.150;3.500.199.890.136.710;355.010.009.765.625;51631700
19.02.2025;36.055.999.755.859.300;3.673.399.963.378.900;3.536.700.134.277.340;354.0;67094400
20.02.2025;3.543.999.938.964.840;36.229.998.779.296.800;348.0;361.510.009.765.625;45965400
21.02.2025;33.779.998.779.296.800;3.549.800.109.863.280;3.344.200.134.277.340;35.344.000.244.140.600;74058600
24.02.2025;3.305.299.987.792.960;3.423.999.938.964.840;32.470.001.220.703.100;3.381.400.146.484.370;76052300
25.02.2025;30.279.998.779.296.800;3.288.900.146.484.370;297.25;3.270.199.890.136.710;134228800
26.02.2025;29.079.998.779.296.800;309.0;2.880.400.085.449.210;3.037.099.914.550.780;100118300
27.02.2025;28.195.001.220.703.100;2.972.300.109.863.280;2.808.800.048.828.120;2.911.600.036.621.090;101748200
28.02.2025;2.929.800.109.863.280;2.938.800.048.828.120;2.736.000.061.035.150;279.5;115697000
03.03.2025;2.846.499.938.964.840;30.394.000.244.140.600;27.729.998.779.296.800;3.003.399.963.378.900;115551400
04.03.2025;2.720.400.085.449.210;2.843.500.061.035.150;2.618.399.963.378.900;27.092.999.267.578.100;126706600
05.03.2025;2.791.000.061.035.150;27.954.998.779.296.800;2.677.099.914.550.780;2.729.200.134.277.340;94042900
06.03.2025;26.345.001.220.703.100;2.726.499.938.964.840;2.600.199.890.136.710;27.205.999.755.859.300;98451600
07.03.2025;2.626.700.134.277.340;266.25;25.072.999.572.753.900;25.932.000.732.421.800;102369600
10.03.2025;22.214.999.389.648.400;2.533.699.951.171.870;220.0;2.525.399.932.861.320;189076900
11.03.2025;2.305.800.018.310.540;23.705.999.755.859.300;21.702.000.427.246.000;22.530.999.755.859.300;174896400
12.03.2025;24.808.999.633.789.000;25.183.999.633.789.000;24.110.000.610.351.500;24.722.000.122.070.300;142215700
13.03.2025;24.067.999.267.578.100;2.482.899.932.861.320;23.260.000.610.351.500;2.481.300.048.828.120;114813500
14.03.2025;24.997.999.572.753.900;2.515.800.018.310.540;24.072.999.572.753.900;24.730.999.755.859.300;100242300
17.03.2025;23.800.999.450.683.500;24.539.999.389.648.400;2.328.000.030.517.570;24.505.999.755.859.300;111900600
18.03.2025;22.530.999.755.859.300;23.010.000.610.351.500;22.227.999.877.929.600;22.816.000.366.210.900;111477600
19.03.2025;23.586.000.061.035.100;24.141.000.366.210.900;2.291.999.969.482.420;23.161.000.061.035.100;111993800
20.03.2025;23.625.999.450.683.500;238.0;2.300.500.030.517.570;23.335.000.610.351.500;99028300
21.03.2025;2.487.100.067.138.670;24.952.000.427.246.000;2.345.500.030.517.570;23.499.000.549.316.400;132728700
24.03.2025;2.783.900.146.484.370;2.786.400.146.484.370;2.563.299.865.722.650;2.580.799.865.722.650;169079900
25.03.2025;2.881.400.146.484.370;28.820.001.220.703.100;2.712.799.987.792.960;2.836.000.061.035.150;150361500
26.03.2025;27.205.999.755.859.300;2.848.999.938.964.840;266.510.009.765.625;2.826.600.036.621.090;153629800
27.03.2025;2.731.300.048.828.120;2.918.500.061.035.150;27.182.000.732.421.800;2.724.800.109.863.280;162572100
28.03.2025;26.354.998.779.296.800;2.761.000.061.035.150;26.057.000.732.421.800;2.755.799.865.722.650;123809400
31.03.2025;2.591.600.036.621.090;26.055.999.755.859.300;24.336.000.061.035.100;24.930.999.755.859.300;134008900
01.04.2025;2.684.599.914.550.780;27.745.001.220.703.100;259.25;26.379.998.779.296.800;146486900
02.04.2025;282.760.009.765.625;284.989.990.234.375;25.127.000.427.246.000;25.460.000.610.351.500;212787800
03.04.2025;2.672.799.987.792.960;27.629.998.779.296.800;261.510.009.765.625;2.652.900.085.449.210;136174300
04.04.2025;23.942.999.267.578.100;261.0;236.0;2.553.800.048.828.120;181229400
07.04.2025;2.332.899.932.861.320;252.0;214.25;22.377.999.877.929.600;183453800
08.04.2025;22.186.000.061.035.100;25.044.000.244.140.600;2.178.000.030.517.570;245.0;171603500
09.04.2025;27.220.001.220.703.100;27.469.000.244.140.600;2.238.800.048.828.120;22.469.000.244.140.600;219433400
10.04.2025;25.239.999.389.648.400;262.489.990.234.375;2.393.300.018.310.540;260.0;181722600
11.04.2025;25.230.999.755.859.300;257.739.990.234.375;24.136.000.061.035.100;25.183.999.633.789.000;128948100
14.04.2025;25.235.000.610.351.500;26.179.998.779.296.800;24.592.999.267.578.100;2.583.599.853.515.620;100135200
15.04.2025;25.411.000.061.035.100;258.75;2.475.399.932.861.320;24.991.000.366.210.900;79594300
16.04.2025;2.415.500.030.517.570;25.197.000.122.070.300;23.388.999.938.964.800;24.761.000.061.035.100;112378700
17.04.2025;2.413.699.951.171.870;24.433.999.633.789.000;23.767.999.267.578.100;24.347.000.122.070.300;83404800
21.04.2025;227.5;2.322.100.067.138.670;2.227.899.932.861.320;23.025.999.450.683.500;97768000
22.04.2025;23.797.000.122.070.300;2.427.899.932.861.320;22.985.000.610.351.500;2.309.600.067.138.670;120858500
23.04.2025;25.074.000.549.316.400;25.945.001.220.703.100;24.442.999.267.578.100;25.486.000.061.035.100;150381900
24.04.2025;259.510.009.765.625;2.595.400.085.449.210;2.491.999.969.482.420;250.5;94464200
25.04.2025;28.495.001.220.703.100;2.868.500.061.035.150;2.596.300.048.828.120;26.169.000.244.140.600;167560700
28.04.2025;2.858.800.048.828.120;2.948.599.853.515.620;2.724.200.134.277.340;2.889.800.109.863.280;151731800
29.04.2025;2.920.299.987.792.960;29.332.000.732.421.800;2.794.700.012.207.030;285.5;108906600
30.04.2025;2.821.600.036.621.090;28.445.001.220.703.100;2.707.799.987.792.960;2.798.999.938.964.840;128334200
