tweet_id,createdAt,topics,tweet_text_anger,tweet_text_fear,tweet_text_joy,tweet_text_sadness,tweet_text_disgust,tweet_text_surprise,tweet_text_dominant_emotion,total_engagement
1915533926749364264,Thu Apr 24 22:30:51 +0000 2025,5.0,0.0295156594365835,0.0106003507971763,0.916628360748291,0.0283942613750696,0.0,0.0062689478509128,joy,36682988
1915445436116267382,Thu Apr 24 16:39:13 +0000 2025,5.0,0.8228835463523865,0.067126452922821,0.0647657886147499,0.0396683700382709,0.0,0.0035876201000064,anger,31309344
1915445119509209426,Thu Apr 24 16:37:58 +0000 2025,5.0,0.0049002012237906,0.009357625618577,0.7898954749107361,0.0018462580628693,0.0,0.1907116472721099,joy,23179337
1915417484380803137,Thu Apr 24 14:48:09 +0000 2025,30.0,0.9604498147964478,0.0249736066907644,0.0040391962975263,0.0090156532824039,0.0,0.0009354808134958,anger,15426228
1915290508340998391,Thu Apr 24 06:23:36 +0000 2025,5.0,0.0,0.0,0.0,0.0,0.0,0.0,,25255354
1914768017738604728,Tue Apr 22 19:47:24 +0000 2025,5.0,0.0269776284694671,0.003798380959779,0.9551342725753784,0.0058894576504826,0.0,0.002987804589793,joy,18820946
1914320622638768634,Mon Apr 21 14:09:37 +0000 2025,5.0,0.8595244288444519,0.0107205193489789,0.1098108887672424,0.0134744457900524,0.0,0.0027827708981931,anger,52421382
1914040392456020177,Sun Apr 20 19:36:05 +0000 2025,24.0,0.3923369646072387,0.5539944767951965,0.0063665839843451,0.0328513793647289,0.0,0.0081733549013733,fear,54350350
1913956942222942603,Sun Apr 20 14:04:29 +0000 2025,5.0,0.3343998789787292,0.2140922248363495,0.190989077091217,0.124682992696762,0.0,0.0159964058548212,anger,87064477
1913397312216347103,Sat Apr 19 01:00:43 +0000 2025,5.0,0.017912371084094,0.0028638895601034,0.9623324871063232,0.0057401629164814,0.0,0.0026514718774706,joy,64691281
1913025878990127143,Fri Apr 18 00:24:46 +0000 2025,5.0,0.1521284580230713,0.0882295072078704,0.7201406955718994,0.0237118005752563,0.0,0.006545390933752,joy,70962660
1913004130282373161,Thu Apr 17 22:58:21 +0000 2025,5.0,0.6380184292793274,0.295536994934082,0.0280036218464374,0.0313428007066249,0.0,0.003683689283207,anger,24503779
1912998381934231607,Thu Apr 17 22:35:30 +0000 2025,5.0,0.0003551208646968,0.0001576824579387,0.9982786178588868,0.0002841881359927,0.0,0.0004539546789601,joy,60304543
1912939267489497437,Thu Apr 17 18:40:36 +0000 2025,5.0,0.5216127634048462,0.0674273669719696,0.083542600274086,0.3217779695987701,0.0,0.0029601680580526,anger,59241882
1912355571875082427,Wed Apr 16 04:01:12 +0000 2025,5.0,0.3747043907642364,0.0070461719296872,0.5533458590507507,0.0558270178735256,0.0,0.0035031060688197,joy,36057366
1911642636890276250,Mon Apr 14 04:48:15 +0000 2025,5.0,0.6168816089630127,0.0229556374251842,0.3259046971797943,0.0229400172829628,0.0,0.0028084029909223,anger,51277398
1911321744427667963,Sun Apr 13 07:33:09 +0000 2025,5.0,0.0,0.0,0.0,0.0,0.0,0.0,,36444325
1911246312965578847,Sun Apr 13 02:33:24 +0000 2025,5.0,0.6750326752662659,0.1575589179992675,0.114097960293293,0.0352530442178249,0.0,0.0107074407860636,anger,53152512
1910561493034156313,Fri Apr 11 05:12:11 +0000 2025,24.0,0.961142897605896,0.011472581885755,0.0136709157377481,0.0108038270846009,0.0,0.0012678890489041,anger,63674012
1909486729192440038,Tue Apr 08 06:01:27 +0000 2025,30.0,0.002009505406022,0.9941851496696472,0.0009486556518822,0.0009998804889619,0.0,0.0015143905766308,fear,55685255
1909099789867978893,Mon Apr 07 04:23:53 +0000 2025,5.0,0.0,0.0,0.0,0.0,0.0,0.0,,78371987
1909050065836245479,Mon Apr 07 01:06:18 +0000 2025,5.0,0.0445752814412117,0.8571868538856506,0.052617322653532,0.0194374192506074,0.0,0.02258344553411,fear,24608699
1907733308470894930,Thu Apr 03 09:53:59 +0000 2025,30.0,0.017912371084094,0.0028638895601034,0.9623324871063232,0.0057401629164814,0.0,0.0026514718774706,joy,45433866
1906866888790962367,Tue Apr 01 00:31:08 +0000 2025,30.0,0.0225038118660449,0.0283607766032218,0.8798629641532898,0.0600693561136722,0.0,0.0057620326988399,joy,32916983
1906608688896278618,Mon Mar 31 07:25:09 +0000 2025,24.0,0.0284553151577711,0.0019074780866503,0.946799099445343,0.0170316845178604,0.0,0.0014826643746346,joy,40978399
1906395475026313370,Sun Mar 30 17:17:55 +0000 2025,5.0,0.1164384931325912,0.0100692026317119,0.8190101385116577,0.0415355935692787,0.0,0.0027950236108154,joy,21290691
1906231693985394857,Sun Mar 30 06:27:06 +0000 2025,24.0,0.0003551208646968,0.0001576824579387,0.9982786178588868,0.0002841881359927,0.0,0.0004539546789601,joy,29021707
1905779674808283358,Sat Mar 29 00:30:56 +0000 2025,24.0,0.0012083642650395,0.0004254091181792,0.9953740239143372,0.0013706501340493,0.0,0.0005117960972711,joy,91911046
1905361391319732575,Thu Mar 27 20:48:50 +0000 2025,30.0,0.1564187854528427,0.1801752895116806,0.0441063977777957,0.6111944913864136,0.0,0.0050220568664371,sadness,43986111
1905293314401632507,Thu Mar 27 16:18:19 +0000 2025,30.0,0.9402855634689332,0.041947565972805,0.0052676890045404,0.009460100904107,0.0,0.0016011102125048,anger,23184425
1905025427384807617,Wed Mar 26 22:33:50 +0000 2025,24.0,0.0947684794664383,0.0106151150539517,0.8635379672050476,0.0178548693656921,0.0,0.0032355012372136,joy,87381347
1905013971800994268,Wed Mar 26 21:48:18 +0000 2025,24.0,0.0,0.0,0.0,0.0,0.0,0.0,,31119529
1905013740988489871,Wed Mar 26 21:47:23 +0000 2025,5.0,0.0356067232787609,0.0224741380661726,0.9172419905662536,0.0144965453073382,0.0,0.0060179126448929,joy,31631611
1904627067750408468,Tue Mar 25 20:10:53 +0000 2025,30.0,0.1027912944555282,0.4322802722454071,0.3623525202274322,0.0148289138451218,0.0,0.0762161239981651,fear,66605163
1904610022249914546,Tue Mar 25 19:03:09 +0000 2025,5.0,0.2718786597251892,0.0180852357298135,0.5872033834457397,0.017132930457592,0.0,0.0623029582202434,joy,25898840
1904589539890651201,Tue Mar 25 17:41:46 +0000 2025,5.0,0.0015656447503715,0.0003671898448374,0.994425892829895,0.0005282234633341,0.0,0.0003431880031712,joy,1468995
1904494878144524288,Tue Mar 25 11:25:37 +0000 2025,30.0,0.994858980178833,0.0018328295554965,0.0003344048163853,0.0020155329257249,0.0,0.0005738261388614,anger,43240473
1904373056984031305,Tue Mar 25 03:21:32 +0000 2025,5.0,0.0003429060161579,0.0003389908815734,0.9973854422569276,0.0010686453897505,0.0,0.0003468441427685,joy,32705880
1904360856533471344,Tue Mar 25 02:33:04 +0000 2025,5.0,0.0,0.0,0.0,0.0,0.0,0.0,,47473157
1904274990150603135,Mon Mar 24 20:51:52 +0000 2025,5.0,0.3290107846260071,0.0122010093182325,0.0644799023866653,0.5891187191009521,0.0,0.0013573849573731,sadness,42379992
1904272968328347712,Mon Mar 24 20:43:49 +0000 2025,5.0,0.9816150069236756,0.0052098287269473,0.0047523416578769,0.0062742731533944,0.0,0.0007659171242266,anger,29620426
1904242079875948586,Mon Mar 24 18:41:05 +0000 2025,5.0,0.0,0.0,0.0,0.0,0.0,0.0,,53333117
1904054531417108889,Mon Mar 24 06:15:50 +0000 2025,5.0,0.0031438060104846,0.0011286663357168,0.9884343147277832,0.0034954000730067,0.0,0.0018246535910293,joy,62105154
1903937937722478761,Sun Mar 23 22:32:32 +0000 2025,30.0,0.0051481579430401,0.0037699621170759,0.0021615021396428,0.9880924224853516,0.0,0.0006028318894095,sadness,18149382
1903846521927282782,Sun Mar 23 16:29:17 +0000 2025,30.0,0.0392426997423172,0.0024140472523868,0.9250891804695128,0.0133975995704531,0.0,0.0071611171588301,joy,26041374
1903821255150534915,Sun Mar 23 14:48:53 +0000 2025,30.0,0.0,0.0,0.0,0.0,0.0,0.0,,17004844
1903818863990505692,Sun Mar 23 14:39:23 +0000 2025,24.0,0.0049002012237906,0.009357625618577,0.7898954749107361,0.0018462580628693,0.0,0.1907116472721099,joy,68329608
1903444410450256161,Sat Mar 22 13:51:26 +0000 2025,30.0,0.0003551208646968,0.0001576824579387,0.9982786178588868,0.0002841881359927,0.0,0.0004539546789601,joy,9130756
1903436914843070934,Sat Mar 22 13:21:39 +0000 2025,30.0,0.0305596143007278,0.0020378155168145,0.9550572633743286,0.007444308605045,0.0,0.0015250144060701,joy,18015300
1903308572378685667,Sat Mar 22 04:51:40 +0000 2025,5.0,0.0,0.0,0.0,0.0,0.0,0.0,,51493375
1903297744472621171,Sat Mar 22 04:08:38 +0000 2025,30.0,0.026512449607253,0.0176662448793649,0.880212664604187,0.0645547658205032,0.0,0.0025752042420208,joy,44757977
1903292788105478253,Sat Mar 22 03:48:56 +0000 2025,30.0,0.0,0.0,0.0,0.0,0.0,0.0,,12298127
1902825417527984570,Thu Mar 20 20:51:46 +0000 2025,5.0,7.584447303088382e-05,0.0001328004145761,0.9987659454345704,0.0003014898393303,0.0,0.0003118151798844,joy,5185421
1902808744209330352,Thu Mar 20 19:45:31 +0000 2025,5.0,0.0218074098229408,0.0067022936418652,0.9535201787948608,0.0022523268125951,0.0,0.0146454041823744,joy,12898804
1902776622949756937,Thu Mar 20 17:37:53 +0000 2025,5.0,0.2289640754461288,0.0329618975520134,0.6923387050628662,0.027589438483119,0.0,0.0057125901803374,joy,31266705
1902741281702346924,Thu Mar 20 15:17:27 +0000 2025,5.0,0.4543155133724212,0.0783297047019004,0.2013201564550399,0.2361481934785843,0.0,0.0070615769363939,anger,43733029
1902585538365796687,Thu Mar 20 04:58:35 +0000 2025,5.0,0.0155191924422979,0.0019631038885563,0.9721059203147888,0.0019005673239007,0.0,0.0016210140893235,joy,26911899
1902583871406817350,Thu Mar 20 04:51:57 +0000 2025,5.0,0.000900886952877,0.0004909322597086,0.9960320591926576,0.0012015481479465,0.0,0.0004934532917104,joy,38000127
1902581000590209181,Thu Mar 20 04:40:33 +0000 2025,24.0,0.938856840133667,0.0523446537554264,0.0023739545140415,0.0035901116207242,0.0,0.0015018957201391,anger,11832443
1902383622172156042,Wed Mar 19 15:36:14 +0000 2025,5.0,0.927383840084076,0.0188318844884634,0.030854819342494,0.017070684581995,0.0,0.0029861878138035,anger,25229371
1902176860479320408,Wed Mar 19 01:54:38 +0000 2025,30.0,0.8843970894813538,0.0379952602088451,0.0062637198716402,0.0691464096307754,0.0,0.0009843267034739,anger,56596279
1902059398878421007,Tue Mar 18 18:07:53 +0000 2025,24.0,0.9923737645149232,0.0010184108978137,0.0006050889496691,0.0052152900025248,0.0,0.0002524557639844,anger,52749121
1902038907392262633,Tue Mar 18 16:46:28 +0000 2025,5.0,0.0198572855442762,0.9752071499824524,0.0005758423358201,0.0023284615017473,0.0,0.0013522878289222,fear,55544750
1902025957646508355,Tue Mar 18 15:55:00 +0000 2025,5.0,0.9921735525131226,0.0022425132337957,0.000875853409525,0.0035001512151211,0.0,0.0004062806838192,anger,78641981
1902004341755568284,Tue Mar 18 14:29:07 +0000 2025,30.0,0.7748709321022034,0.0040609040297567,0.1378272026777267,0.0602771937847137,0.0,0.0014503378188237,anger,42807061
1901297461093642262,Sun Mar 16 15:40:13 +0000 2025,30.0,0.000986059079878,0.0002877519291359,0.9957642555236816,0.0018041571602225,0.0,0.0002888079616241,joy,48718454
1901209991253541221,Sun Mar 16 09:52:39 +0000 2025,30.0,0.0,0.0,0.0,0.0,0.0,0.0,,208154436
1901201693162779099,Sun Mar 16 09:19:40 +0000 2025,30.0,0.8581811189651489,0.0131287239491939,0.0825884565711021,0.0362878739833831,0.0,0.0016815906856209,anger,44952020
1900757357451174017,Sat Mar 15 03:54:03 +0000 2025,5.0,0.006388968322426,0.0009849783964455,0.9816769361495972,0.0021950984373688,0.0,0.0015194889856502,joy,23176875
1900743271283888555,Sat Mar 15 02:58:04 +0000 2025,5.0,0.7751239538192749,0.0267740823328495,0.1616043299436569,0.0240692235529422,0.0,0.0069488058798015,anger,122036766
1900487304847688125,Fri Mar 14 10:00:57 +0000 2025,30.0,0.0,0.0,0.0,0.0,0.0,0.0,,48114414
1900421020307091780,Fri Mar 14 05:37:34 +0000 2025,5.0,0.143587440252304,0.4958620965480804,0.2036624252796173,0.0627821311354637,0.0,0.0653199777007103,fear,21571035
1900283021582098559,Thu Mar 13 20:29:12 +0000 2025,24.0,0.0,0.0,0.0,0.0,0.0,0.0,,21443468
1899283682851975342,Tue Mar 11 02:18:11 +0000 2025,5.0,0.0278577599674463,0.0131788104772567,0.9339149594306946,0.0066414414905011,0.0,0.0056445491500198,joy,11263062
1898596842335588384,Sun Mar 09 04:48:56 +0000 2025,5.0,0.000900886952877,0.0004909322597086,0.9960320591926576,0.0012015481479465,0.0,0.0004934532917104,joy,104656805
1897651493030727918,Thu Mar 06 14:12:27 +0000 2025,5.0,0.9448662996292114,0.0150531344115734,0.0243760086596012,0.0132986223325133,0.0,0.0013083472149446,anger,28158891
1896995745280266333,Tue Mar 04 18:46:44 +0000 2025,30.0,0.5243321657180786,0.0081593645736575,0.4202810823917389,0.0268674977123737,0.0,0.0033140296582132,anger,57225579
1896989474040766786,Tue Mar 04 18:21:49 +0000 2025,30.0,0.4397833347320556,0.0150464847683906,0.5145152807235718,0.0208736006170511,0.0,0.0050318236462771,joy,11355667
1896975177264848999,Tue Mar 04 17:25:01 +0000 2025,24.0,0.0,0.0,0.0,0.0,0.0,0.0,,11599715
1896959865815445887,Tue Mar 04 16:24:10 +0000 2025,24.0,0.7335449457168579,0.0020778011530637,0.003821400925517,0.2582343518733978,0.0,0.0010222005657851,anger,44112117
1896699910550147242,Mon Mar 03 23:11:12 +0000 2025,5.0,0.0006138307508081,0.0002131678775185,0.9976420998573304,0.0003311740874778,0.0,0.0005280393525026,joy,21927943
1896299067501887936,Sun Mar 02 20:38:23 +0000 2025,5.0,0.5549722909927368,0.0252454224973917,0.3128491938114166,0.0944906398653984,0.0,0.0052770730108022,anger,28104665
1896239972195438598,Sun Mar 02 16:43:34 +0000 2025,5.0,0.0006507700309157,0.000693634035997,0.9953078627586364,0.0021634951699525,0.0,0.0005891868495382,joy,45209947
1895496983026282999,Fri Feb 28 15:31:12 +0000 2025,24.0,0.017912371084094,0.0028638895601034,0.9623324871063232,0.0057401629164814,0.0,0.0026514718774706,joy,9233177
1894767144153333829,Wed Feb 26 15:11:04 +0000 2025,30.0,0.0051248269155621,0.0015017606783658,0.0150665184482932,0.0031890510581433,0.0,0.0009389984188601,joy,41970335
1894748351884648534,Wed Feb 26 13:56:24 +0000 2025,5.0,0.0,0.0,0.0,0.0,0.0,0.0,,19122840
1894746675589120272,Wed Feb 26 13:49:44 +0000 2025,24.0,0.8504393696784973,0.0425165370106697,0.0880935043096542,0.0120647577568888,0.0,0.0035297814756631,anger,19267483
1894548030306541882,Wed Feb 26 00:40:24 +0000 2025,24.0,0.9635835886001588,0.0120266871526837,0.0177168790251016,0.001648444449529,0.0,0.0031353959348052,anger,51819169
1894529801903395062,Tue Feb 25 23:27:58 +0000 2025,24.0,0.0012354691280052,0.0004650696646422,0.9939751029014589,0.0033842076081782,0.0,0.0003490429662633,joy,9975405
1894509750517113155,Tue Feb 25 22:08:17 +0000 2025,30.0,0.00022249839094,0.000168970436789,0.9981330037117004,0.0003568177344277,0.0,0.0002188296202803,joy,10138032
1894228014533427648,Tue Feb 25 03:28:46 +0000 2025,30.0,0.0392426997423172,0.0024140472523868,0.9250891804695128,0.0133975995704531,0.0,0.0071611171588301,joy,4971517
1894180052822364526,Tue Feb 25 00:18:11 +0000 2025,5.0,0.0026546807494014,0.0002886318252421,0.9501725435256958,0.0044787894003093,0.0,0.0008673727861605,joy,5178056
1893985950264660360,Mon Feb 24 11:26:53 +0000 2025,30.0,0.0,0.0,0.0,0.0,0.0,0.0,,26759318
1893665797056176412,Sun Feb 23 14:14:43 +0000 2025,5.0,0.7802240252494812,0.048795111477375,0.1034872084856033,0.0567528568208217,0.0,0.0040396000258624,anger,9035267
1893227306199531761,Sat Feb 22 09:12:18 +0000 2025,24.0,0.3008768260478973,0.0091387787833809,0.6124811172485352,0.0650141164660453,0.0,0.0050107380375266,joy,11706168
1893086348019429693,Fri Feb 21 23:52:11 +0000 2025,24.0,0.0,0.0,0.0,0.0,0.0,0.0,,4709377
1892578979762074052,Thu Feb 20 14:16:05 +0000 2025,24.0,0.0075304610654711,0.0036603834014385,0.9760743975639344,0.0095443623140454,0.0,0.0019565771799534,joy,4135612
1892149043544965446,Wed Feb 19 09:47:41 +0000 2025,24.0,0.3723925948143005,0.0192004442214965,0.5706890225410461,0.0277343969792127,0.0,0.0048278081230819,joy,9736359
1891633511099986358,Mon Feb 17 23:39:08 +0000 2025,5.0,0.0049002012237906,0.009357625618577,0.7898954749107361,0.0018462580628693,0.0,0.1907116472721099,joy,6120164
1891350795452654076,Mon Feb 17 04:55:43 +0000 2025,5.0,0.0717970579862594,0.0058586280792951,0.8762016892433167,0.0289173647761344,0.0,0.0015583580825477,joy,98096717
1890883336500924460,Sat Feb 15 21:58:12 +0000 2025,30.0,0.0156382918357849,0.0012998005840927,0.9736362099647522,0.0042541502043604,0.0,0.0032766403164714,joy,29832552
1889960732567236829,Thu Feb 13 08:52:07 +0000 2025,24.0,0.877165675163269,0.0033351576421409,0.0617838837206363,0.0481995679438114,0.0,0.001121926237829,anger,13452555
1889899715292197072,Thu Feb 13 04:49:39 +0000 2025,24.0,0.0594239309430122,0.0111018633469939,0.7554495334625244,0.1672920137643814,0.0,0.0026490837335586,joy,16118130
1889559782928822477,Wed Feb 12 06:18:53 +0000 2025,5.0,0.0003716205828823,0.0001635005319258,0.9983489513397216,0.0003438841958995,0.0,0.000315095676342,joy,12727505
1889525912305119686,Wed Feb 12 04:04:17 +0000 2025,24.0,0.4722107648849487,0.0049964594654738,0.5058254599571228,0.0043774498626589,0.0,0.0043947547674179,joy,14974130
1889376006521111007,Tue Feb 11 18:08:37 +0000 2025,30.0,0.9956099390983582,0.0008114736992865,0.0003608565311878,0.0025815630797296,0.0,0.000264976901235,anger,16439234
1888861416037241228,Mon Feb 10 08:03:49 +0000 2025,24.0,0.558354914188385,0.0061560543254017,0.2278373390436172,0.1933312565088272,0.0,0.0041846632957458,anger,24020355
1888836488877523452,Mon Feb 10 06:24:46 +0000 2025,24.0,0.0,0.0,0.0,0.0,0.0,0.0,,3079178
1888834160506151423,Mon Feb 10 06:15:31 +0000 2025,24.0,0.0342817604541778,0.0022620186209678,0.9348605871200562,0.0057993805967271,0.0,0.0032454277388751,joy,13196877
1888487042939519458,Sun Feb 09 07:16:12 +0000 2025,24.0,0.0082785487174987,0.0019823650363832,0.9838790893554688,0.003301701741293,0.0,0.0012200133642181,joy,9348495
1888485948121366871,Sun Feb 09 07:11:51 +0000 2025,24.0,0.9845440983772278,0.0020837627816945,0.0014955592341721,0.0109472293406724,0.0,0.0003728086594492,anger,21252116
1888485025307296097,Sun Feb 09 07:08:11 +0000 2025,24.0,0.0,0.0,0.0,0.0,0.0,0.0,,17113828
1888484943510307108,Sun Feb 09 07:07:51 +0000 2025,24.0,0.0589452236890792,0.0060131317004561,0.9142112731933594,0.0133613925427198,0.0,0.0028080802876502,joy,28062250
1888472397809955106,Sun Feb 09 06:18:00 +0000 2025,5.0,0.0049002012237906,0.009357625618577,0.7898954749107361,0.0018462580628693,0.0,0.1907116472721099,joy,8875358
1888080228334879042,Sat Feb 08 04:19:39 +0000 2025,24.0,0.1027912944555282,0.4322802722454071,0.3623525202274322,0.0148289138451218,0.0,0.0762161239981651,fear,20399414
1888039257475784951,Sat Feb 08 01:36:51 +0000 2025,24.0,0.017912371084094,0.0028638895601034,0.9623324871063232,0.0057401629164814,0.0,0.0026514718774706,joy,8886406
1888022189984858476,Sat Feb 08 00:29:02 +0000 2025,5.0,0.0122138541191816,0.0020934036001563,0.9558970332145692,0.0247965920716524,0.0,0.0027193040587008,joy,18392414
1887971689817940218,Fri Feb 07 21:08:22 +0000 2025,30.0,0.0,0.0,0.0,0.0,0.0,0.0,,9077377
1887860217649533186,Fri Feb 07 13:45:25 +0000 2025,5.0,0.0,0.0,0.0,0.0,0.0,0.0,,21207112
1887690091524657437,Fri Feb 07 02:29:24 +0000 2025,30.0,0.1272717863321304,0.3411661088466644,0.0755002275109291,0.3172497451305389,0.0,0.0187741760164499,fear,59102075
1887535341684338942,Thu Feb 06 16:14:28 +0000 2025,5.0,0.0049002012237906,0.009357625618577,0.7898954749107361,0.0018462580628693,0.0,0.1907116472721099,joy,17206401
1887499547418456511,Thu Feb 06 13:52:14 +0000 2025,5.0,0.0,0.0,0.0,0.0,0.0,0.0,,30103584
1887228628028551386,Wed Feb 05 19:55:42 +0000 2025,5.0,0.2718786597251892,0.0180852357298135,0.5872033834457397,0.017132930457592,0.0,0.0623029582202434,joy,9336635
1887180154163609801,Wed Feb 05 16:43:05 +0000 2025,30.0,0.0,0.0,0.0,0.0,0.0,0.0,,9881602
1886987986379678182,Wed Feb 05 03:59:29 +0000 2025,5.0,0.0,0.0,0.0,0.0,0.0,0.0,,39793094
1886922946595156160,Tue Feb 04 23:41:02 +0000 2025,30.0,0.0,0.0,0.0,0.0,0.0,0.0,,29464901
1886855362713727145,Tue Feb 04 19:12:29 +0000 2025,24.0,0.959829807281494,0.0269032604992389,0.0027156064752489,0.007754476275295,0.0,0.0007011155830696,anger,26123215
1886624760940896321,Tue Feb 04 03:56:09 +0000 2025,5.0,0.0,0.0,0.0,0.0,0.0,0.0,,28322762
1886498271306146072,Mon Feb 03 19:33:31 +0000 2025,5.0,0.0049002012237906,0.009357625618577,0.7898954749107361,0.0018462580628693,0.0,0.1907116472721099,joy,14259453
1886497593079021789,Mon Feb 03 19:30:50 +0000 2025,5.0,0.7802240252494812,0.048795111477375,0.1034872084856033,0.0567528568208217,0.0,0.0040396000258624,anger,20600407
1886322940230221961,Mon Feb 03 07:56:49 +0000 2025,5.0,0.6979594826698303,0.057868018746376,0.1651838272809982,0.0699689760804176,0.0,0.0037194197066128,anger,7195190
1886273415100670336,Mon Feb 03 04:40:02 +0000 2025,5.0,0.0016558151692152,0.0004812575352843,0.9938218593597412,0.0018743243999779,0.0,0.0004427307576406,joy,7744025
1886129294323155213,Sun Feb 02 19:07:21 +0000 2025,5.0,0.0145319495350122,0.0024784347042441,0.9726561903953552,0.0033324405085295,0.0,0.0006929353694431,joy,31348311
1886099001876832480,Sun Feb 02 17:06:58 +0000 2025,24.0,0.9602223634719848,0.0050278618000447,0.0024319237563759,0.0301995817571878,0.0,0.0004932961310259,anger,12415608
1885971513477574660,Sun Feb 02 08:40:23 +0000 2025,5.0,0.0,0.0,0.0,0.0,0.0,0.0,,16398507
1885843585779576951,Sun Feb 02 00:12:02 +0000 2025,5.0,0.5862923264503479,0.0687591433525085,0.2412328869104385,0.0882459357380867,0.0,0.0090314792469143,anger,44188053
1885778138422018410,Sat Feb 01 19:51:58 +0000 2025,5.0,0.0002052296476904,0.0001449050323572,0.9985112547874452,0.0003703504335135,0.0,0.000264541915385,joy,11611665
1885764053265449008,Sat Feb 01 18:56:00 +0000 2025,5.0,0.0,0.0,0.0,0.0,0.0,0.0,,25838005
1885755690368573766,Sat Feb 01 18:22:46 +0000 2025,5.0,0.6680776476860046,0.0139672169461846,0.2974624633789062,0.0116860223934054,0.0,0.0043928446248173,anger,20845581
1885742801960239347,Sat Feb 01 17:31:34 +0000 2025,5.0,0.924242913722992,0.0185206569731235,0.0287498626857996,0.0249040126800537,0.0,0.001707082032226,anger,23398120
1885723650591953282,Sat Feb 01 16:15:28 +0000 2025,5.0,0.017912371084094,0.0028638895601034,0.9623324871063232,0.0057401629164814,0.0,0.0026514718774706,joy,12262057
1885195601781936503,Fri Jan 31 05:17:11 +0000 2025,5.0,0.0,0.0,0.0,0.0,0.0,0.0,,21586917
1885157812805742752,Fri Jan 31 02:47:01 +0000 2025,5.0,0.0,0.0,0.0,0.0,0.0,0.0,,9790114
1882407126825623960,Thu Jan 23 12:36:47 +0000 2025,5.0,0.3465172946453094,0.011617537587881,0.5987361073493958,0.032973326742649,0.0,0.0027350743766874,joy,13840706
1879517301403467966,Wed Jan 15 13:13:39 +0000 2025,5.0,0.1634860783815384,0.005128881894052,0.8016088604927063,0.0245632007718086,0.0,0.0018728218274191,joy,17934483
1879424568974344239,Wed Jan 15 07:05:09 +0000 2025,5.0,0.8983403444290161,0.02194170281291,0.0477112345397472,0.0252474322915077,0.0,0.0029891547746956,anger,13937846
1879229003489493470,Tue Jan 14 18:08:03 +0000 2025,24.0,0.0004049357958137,0.0003191069699823,0.996364414691925,0.0015355468494817,0.0,0.0002166946360375,joy,42352039
1878877630755471395,Mon Jan 13 18:51:49 +0000 2025,30.0,0.8396208882331848,0.1017686873674392,0.0199700687080621,0.0352419912815094,0.0,0.0014396571787074,anger,41271614
1878697151838228530,Mon Jan 13 06:54:40 +0000 2025,30.0,0.0,0.0,0.0,0.0,0.0,0.0,,9531556
1878693613313663295,Mon Jan 13 06:40:36 +0000 2025,30.0,0.017515905201435,0.0027134441770613,0.968992292881012,0.005568150896579,0.0,0.0019219999667257,joy,42899072
1878689375472779384,Mon Jan 13 06:23:46 +0000 2025,30.0,0.0,0.0,0.0,0.0,0.0,0.0,,15961871
1878564751149596950,Sun Jan 12 22:08:33 +0000 2025,5.0,0.016819654032588,0.0018613026477396,0.974020779132843,0.0039533046074211,0.0,0.0018257482443004,joy,18866186
1878290751617958153,Sun Jan 12 03:59:46 +0000 2025,5.0,0.4763915240764618,0.0392825379967689,0.3690192997455597,0.105494312942028,0.0,0.0038168679457157,anger,13914901
1878188411409825974,Sat Jan 11 21:13:06 +0000 2025,5.0,0.9771316647529602,0.0034966089297086,0.0115483989939093,0.0039404607377946,0.0,0.0008721030899323,anger,29334177
1878163353933099446,Sat Jan 11 19:33:32 +0000 2025,5.0,0.5980119109153748,0.3828490376472473,0.0048843696713447,0.0038974655326455,0.0,0.0076159015297889,anger,58728079
1877964788636045490,Sat Jan 11 06:24:31 +0000 2025,30.0,0.0021853062789887,0.0007962893578223,0.9896886348724364,0.0056202816776931,0.0,0.0006909040384925,joy,8700301
1877800144596353068,Fri Jan 10 19:30:16 +0000 2025,5.0,0.0167725197970867,0.0058955973945558,0.0805185064673423,0.8946918249130249,0.0,0.001030002371408,sadness,19052084
1877639801593102683,Fri Jan 10 08:53:08 +0000 2025,5.0,0.175984039902687,0.4464593529701233,0.1714446693658828,0.1537903845310211,0.0,0.0198878180235624,fear,13246111
1877436995544510553,Thu Jan 09 19:27:15 +0000 2025,5.0,0.7802240252494812,0.048795111477375,0.1034872084856033,0.0567528568208217,0.0,0.0040396000258624,anger,13902065
1877121883759370449,Wed Jan 08 22:35:06 +0000 2025,30.0,0.0392426997423172,0.0024140472523868,0.9250891804695128,0.0133975995704531,0.0,0.0071611171588301,joy,5852643
1877023586956738688,Wed Jan 08 16:04:31 +0000 2025,5.0,0.1285765320062637,0.072672814130783,0.7702827453613281,0.0188573133200407,0.0,0.0036393804475665,joy,26854489
1876554867785007175,Tue Jan 07 09:01:59 +0000 2025,24.0,0.4067012965679168,0.0326409637928009,0.5048125386238098,0.0431995578110218,0.0,0.0070027685724198,joy,12652902
1876543646222467249,Tue Jan 07 08:17:24 +0000 2025,5.0,0.8491392135620117,0.0210988540202379,0.10821533203125,0.0171316415071487,0.0,0.0019232014892622,anger,16288337
1876492034699415620,Tue Jan 07 04:52:19 +0000 2025,24.0,0.0010186799336224,0.0016937619075179,0.0006081913597881,0.9961244463920592,0.0,0.0003183617664035,sadness,9083128
1875575420269294075,Sat Jan 04 16:10:01 +0000 2025,5.0,0.6792150139808655,0.0614348761737346,0.2163516134023666,0.0326439924538135,0.0,0.0062797656282782,anger,11280922
1875355425601999255,Sat Jan 04 01:35:50 +0000 2025,5.0,0.0169388428330421,0.0016803848557174,0.9671829342842102,0.0112022515386343,0.0,0.0009441750589758,joy,32773384
1874871236653932664,Thu Jan 02 17:31:50 +0000 2025,5.0,0.0097601534798741,0.0008333347504958,0.9727431535720824,0.0076855919323861,0.0,0.0004874757723882,joy,73860056
1874867078785818921,Thu Jan 02 17:15:19 +0000 2025,5.0,0.0,0.0,0.0,0.0,0.0,0.0,,16337364
1874676265439072766,Thu Jan 02 04:37:06 +0000 2025,30.0,0.008179772645235,0.0042756432667374,0.9721710085868835,0.0096608074381947,0.0,0.0018013837980106,joy,40872734
1874605166999343495,Wed Jan 01 23:54:34 +0000 2025,30.0,0.8664736747741699,0.0573949180543422,0.029992377385497,0.0408259890973567,0.0,0.0026330256368964,anger,13285668
1874188180611883481,Tue Dec 31 20:17:37 +0000 2024,30.0,0.0009307395084761,0.0004604536516126,0.9950600266456604,0.001827611355111,0.0,0.0004075860488228,joy,10813455
1874151709888720982,Tue Dec 31 17:52:42 +0000 2024,30.0,0.0054673491977155,0.0017597465775907,0.9849420785903932,0.005505166016519,0.0,0.0015872941585257,joy,19651670
1873972860106268740,Tue Dec 31 06:02:01 +0000 2024,5.0,0.0441946908831596,0.007461620029062,0.7758409380912781,0.1636464893817901,0.0,0.0025222587864845,joy,23141676
1873970854838886767,Tue Dec 31 05:54:03 +0000 2024,5.0,0.7438965439796448,0.0186701864004135,0.2190293967723846,0.0094737317413091,0.0,0.0019808390643447,anger,10054647
1873611002866250176,Mon Dec 30 06:04:07 +0000 2024,5.0,0.7558656334877014,0.2287124991416931,0.0027872265782207,0.0092993350699543,0.0,0.0018900972791016,anger,90677989
1872705692681027634,Fri Dec 27 18:06:44 +0000 2024,5.0,0.0772286057472229,0.0022458368912339,0.8776249885559082,0.0363538488745689,0.0,0.0007528393180109,joy,46440311
1872383715583873249,Thu Dec 26 20:47:19 +0000 2024,5.0,0.066691018640995,0.0088481195271015,0.0080169728025794,0.9148522019386292,0.0,0.0010148518485948,sadness,28876488
1871158028826747125,Mon Dec 23 11:36:53 +0000 2024,5.0,0.7802240252494812,0.048795111477375,0.1034872084856033,0.0567528568208217,0.0,0.0040396000258624,anger,42950804
1871007740291928286,Mon Dec 23 01:39:41 +0000 2024,5.0,0.0049002012237906,0.009357625618577,0.7898954749107361,0.0018462580628693,0.0,0.1907116472721099,joy,15938896
1870750944364998907,Sun Dec 22 08:39:16 +0000 2024,5.0,0.7625125050544739,0.0633799582719802,0.0727945119142532,0.0901871025562286,0.0,0.0053919614292681,anger,23449553
1870496147997085911,Sat Dec 21 15:46:48 +0000 2024,24.0,0.8576666712760925,0.0265194419771432,0.0887455344200134,0.0178126748651266,0.0,0.003461088752374,anger,15376426
1870488903452676105,Sat Dec 21 15:18:01 +0000 2024,24.0,0.0110893091186881,0.0042807231657207,0.8943214416503906,0.0862844735383987,0.0,0.0007810268434695,joy,26689250
1870210936616755632,Fri Dec 20 20:53:28 +0000 2024,30.0,0.6938938498497009,0.0655635148286819,0.1450949162244796,0.0736324489116668,0.0,0.0087850084528326,anger,18956818
1870161068603130256,Fri Dec 20 17:35:19 +0000 2024,5.0,0.0354805812239646,0.0115608712658286,0.9314428567886353,0.016221584752202,0.0,0.0008691765251569,joy,47983270
1870142202350866569,Fri Dec 20 16:20:21 +0000 2024,5.0,0.1954114586114883,0.0220591742545366,0.7230700850486755,0.0503669716417789,0.0,0.0036401820834726,joy,15231686
1870108961946427722,Fri Dec 20 14:08:16 +0000 2024,30.0,0.8340118527412415,0.0739943832159042,0.0763715729117393,0.0055747381411492,0.0,0.0058125932700932,anger,10220930
1869968349209264332,Fri Dec 20 04:49:31 +0000 2024,5.0,0.0392426997423172,0.0024140472523868,0.9250891804695128,0.0133975995704531,0.0,0.0071611171588301,joy,26630199
1869968155637948428,Fri Dec 20 04:48:45 +0000 2024,30.0,0.0013231880730018,0.000248091382673,0.9945670366287231,0.0009423934970982,0.0,0.0003299688105471,joy,41260517
1869874908898967589,Thu Dec 19 22:38:13 +0000 2024,5.0,0.0224769655615091,0.0022922763600945,0.9483108520507812,0.0230572409927845,0.0,0.0010205268627032,joy,41131995
1869513332748877958,Wed Dec 18 22:41:27 +0000 2024,5.0,0.0003551208646968,0.0001576824579387,0.9982786178588868,0.0002841881359927,0.0,0.0004539546789601,joy,4535153
1869469561084682558,Wed Dec 18 19:47:31 +0000 2024,5.0,0.7802240252494812,0.048795111477375,0.1034872084856033,0.0567528568208217,0.0,0.0040396000258624,anger,29102403
1869464697977860469,Wed Dec 18 19:28:11 +0000 2024,5.0,0.0,0.0,0.0,0.0,0.0,0.0,,9701944
1869459189711704321,Wed Dec 18 19:06:18 +0000 2024,24.0,0.9133313894271852,0.0123710203915834,0.0575922541320323,0.0125510450452566,0.0,0.0017656236886978,anger,3263660
1869458813054861497,Wed Dec 18 19:04:48 +0000 2024,5.0,0.744230329990387,0.0103578520938754,0.2054350227117538,0.0325922258198261,0.0,0.0035177255049347,anger,21364760
1869446782574645386,Wed Dec 18 18:17:00 +0000 2024,5.0,0.3891759812831878,0.0088704992085695,0.5185695290565491,0.0726487934589386,0.0,0.0032035824842751,joy,50283346
1869441674155606227,Wed Dec 18 17:56:42 +0000 2024,5.0,0.8675717711448669,0.0611895695328712,0.0434778816998004,0.0198097061365842,0.0,0.00359569163993,anger,9991466
1869119942685327503,Tue Dec 17 20:38:15 +0000 2024,24.0,0.353236049413681,0.1265944838523864,0.4828955233097076,0.0198878832161426,0.0,0.0108978478237986,joy,18402414
1868705614853292535,Mon Dec 16 17:11:52 +0000 2024,5.0,0.0872012749314308,0.0095001254230737,0.7658963799476624,0.125229150056839,0.0,0.0036487174220383,joy,45049469
1867640454348779717,Fri Dec 13 18:39:18 +0000 2024,30.0,0.0049596629105508,0.0007921736687421,0.9873718023300172,0.0028337331023067,0.0,0.0009659609640948,joy,78636370
1867527765005853030,Fri Dec 13 11:11:30 +0000 2024,24.0,0.7547900080680847,0.0051164170727133,0.2012406140565872,0.0025500741321593,0.0,0.0025304271839559,anger,10552982
1867287987039744142,Thu Dec 12 19:18:43 +0000 2024,24.0,0.0049002012237906,0.009357625618577,0.7898954749107361,0.0018462580628693,0.0,0.1907116472721099,joy,24997161
1867205727573450930,Thu Dec 12 13:51:51 +0000 2024,24.0,0.7802240252494812,0.048795111477375,0.1034872084856033,0.0567528568208217,0.0,0.0040396000258624,anger,23545525
1867185698056327168,Thu Dec 12 12:32:15 +0000 2024,5.0,0.1087134033441543,0.0305857695639133,0.8335080146789551,0.017121585085988,0.0,0.0055037555284798,joy,8503048
1867089978267693408,Thu Dec 12 06:11:54 +0000 2024,30.0,0.16608227789402,0.0027053132653236,0.7553609609603882,0.0562815032899379,0.0,0.0027617346495389,joy,32388441
1867069658228052339,Thu Dec 12 04:51:09 +0000 2024,30.0,0.4862438440322876,0.1773336231708526,0.3039994537830353,0.0203542802482843,0.0,0.0094166845083236,anger,56530086
1867068722638127588,Thu Dec 12 04:47:26 +0000 2024,24.0,0.2330207526683807,0.0853020176291465,0.6561256051063538,0.0127062145620584,0.0,0.0085796769708395,joy,57011416
1866917471216898403,Wed Dec 11 18:46:25 +0000 2024,30.0,0.0,0.0,0.0,0.0,0.0,0.0,,16825063
1866806614717763694,Wed Dec 11 11:25:55 +0000 2024,30.0,0.2933721840381622,0.5563814640045166,0.0900728926062583,0.0402750745415687,0.0,0.0139440717175602,fear,5568414
1866776699817562609,Wed Dec 11 09:27:02 +0000 2024,5.0,0.642067015171051,0.1945057362318039,0.1306806653738021,0.0200370699167251,0.0,0.0085363779217004,anger,22119713
1866485009789681907,Tue Dec 10 14:07:58 +0000 2024,24.0,0.2901344895362854,0.0058165146037936,0.6433093547821045,0.0505374073982238,0.0,0.0049765305593609,joy,32081214
1866394500949541007,Tue Dec 10 08:08:19 +0000 2024,5.0,0.9195905327796936,0.0597628466784954,0.0025370412040501,0.0022639620583504,0.0,0.0125069776549935,anger,14682207
1866372832592277676,Tue Dec 10 06:42:13 +0000 2024,5.0,0.0013095794711261,0.0003784887958317,0.9961563944816588,0.0009099273011088,0.0,0.0005687929806299,joy,19436018
1866366196146442586,Tue Dec 10 06:15:51 +0000 2024,5.0,0.0022013660054653,0.002137301955372,0.990805685520172,0.0031999656930565,0.0,0.0012353538768365,joy,44471720
1866164316711403940,Mon Dec 09 16:53:39 +0000 2024,24.0,0.0074628619477152,0.0056693782098591,0.9658324122428894,0.0173476580530405,0.0,0.0016361916204914,joy,12639840
1865962735134970129,Mon Dec 09 03:32:38 +0000 2024,5.0,0.5703669786453247,0.0908280238509178,0.256169855594635,0.0699139833450317,0.0,0.0073149520903825,anger,30735587
1865803889611813322,Sun Dec 08 17:01:26 +0000 2024,30.0,0.0067071071825921,0.002321719424799,0.972780466079712,0.0049656415358185,0.0,0.0011347241234034,joy,33075828
1865320138192351670,Sat Dec 07 08:59:11 +0000 2024,5.0,0.997775375843048,0.0008235659333877,0.000241444693529,0.0004463989171199,0.0,0.0003672596649266,anger,63008468
1865087449845649502,Fri Dec 06 17:34:34 +0000 2024,24.0,0.0082264337688684,0.0004961869562976,0.9809327125549316,0.0021772501058876,0.0,0.0014377573970705,joy,30433333
1863740028406337896,Tue Dec 03 00:20:24 +0000 2024,24.0,0.1372211873531341,0.0054176300764083,0.7944085597991943,0.0262713879346847,0.0,0.0023213492240756,joy,40951253
1863108281448968591,Sun Dec 01 06:30:03 +0000 2024,24.0,0.7037585973739624,0.0253265481442213,0.2278796434402465,0.0357950702309608,0.0,0.0026488828007131,anger,31957537
1862331915337945516,Fri Nov 29 03:05:03 +0000 2024,5.0,0.0002035689249169,9.787260205484928e-05,0.9980602860450744,0.0004228933248668,0.0,0.000185091746971,joy,121553015
1861831771769414038,Wed Nov 27 17:57:40 +0000 2024,5.0,0.7802240252494812,0.048795111477375,0.1034872084856033,0.0567528568208217,0.0,0.0040396000258624,anger,54152191
1861592711310254309,Wed Nov 27 02:07:43 +0000 2024,5.0,0.2748890221118927,0.704085648059845,0.0049761841073632,0.0089606288820505,0.0,0.003755375277251,fear,12191229
1861078125758841098,Mon Nov 25 16:02:56 +0000 2024,24.0,0.004929132759571,0.0059854080900549,0.9796088337898254,0.0037467302754521,0.0,0.0040979380719363,joy,10054969
1860937593967583405,Mon Nov 25 06:44:31 +0000 2024,24.0,0.0029780413024127,0.0020839190110564,0.9890405535697936,0.003834368661046,0.0,0.0015195790911093,joy,71001442
1860696219187835389,Sun Nov 24 14:45:23 +0000 2024,24.0,0.9019094109535216,0.0527046993374824,0.0240697972476482,0.0173437409102916,0.0,0.0024308902211487,anger,27960560
1860047803998961934,Fri Nov 22 19:48:49 +0000 2024,5.0,0.625217616558075,0.0040091499686241,0.326029360294342,0.0310671180486679,0.0,0.0023058364167809,anger,41018022
1859805792133840942,Fri Nov 22 03:47:09 +0000 2024,24.0,0.0,0.0,0.0,0.0,0.0,0.0,,10683909
1859697836969050290,Thu Nov 21 20:38:10 +0000 2024,24.0,0.6783422231674194,0.061802439391613,0.0660168603062629,0.1893308013677597,0.0,0.0022816574200987,anger,23944500
1859656862628708737,Thu Nov 21 17:55:21 +0000 2024,5.0,0.0080658085644245,0.0027561581227928,0.9713823199272156,0.0139909721910953,0.0,0.0025845526251941,joy,28479765
1859601923453722936,Thu Nov 21 14:17:02 +0000 2024,5.0,0.0038536295760422,0.0158699713647365,0.7188753485679626,0.0021245169918984,0.0,0.2565828561782837,joy,27491046
1859601277367238898,Thu Nov 21 14:14:28 +0000 2024,5.0,0.9515699744224548,0.0250129308551549,0.0141890356317162,0.0063941795378923,0.0,0.0016192577313631,anger,50958358
1859474116564181027,Thu Nov 21 05:49:11 +0000 2024,24.0,0.0054002930410206,0.0011030947789549,0.9820554852485656,0.008787834085524,0.0,0.0004276542167644,joy,23629184
1858873266129056170,Tue Nov 19 14:01:37 +0000 2024,24.0,0.1258949935436248,0.3050439059734344,0.386710524559021,0.0172000657767057,0.0,0.1126727759838104,joy,69891315
1858762071938101406,Tue Nov 19 06:39:46 +0000 2024,5.0,0.1577023118734359,0.0053554377518594,0.7954422831535339,0.0277906823903322,0.0,0.0011182595044374,joy,11741190
1858520802838138951,Mon Nov 18 14:41:03 +0000 2024,5.0,0.0035525888670235,0.0024783830158412,0.980299472808838,0.0114024803042411,0.0,0.0013396363938227,joy,11606984
1858184885493485672,Sun Nov 17 16:26:14 +0000 2024,5.0,0.1441632807254791,0.0695037320256233,0.7101288437843323,0.0511412695050239,0.0,0.0154079841449856,joy,114664629
1858007852067000351,Sun Nov 17 04:42:46 +0000 2024,24.0,0.3813728392124176,0.0291727390140295,0.5171894431114197,0.062415923923254,0.0,0.0047025871463119,joy,122380164
1857807668158558508,Sat Nov 16 15:27:19 +0000 2024,5.0,0.0796639919281005,0.0058221346698701,0.0051775430329144,0.9074825644493104,0.0,0.0009946184,sadness,8982782
1857065396806848852,Thu Nov 14 14:17:47 +0000 2024,24.0,0.9448662996292114,0.0150531344115734,0.0243760086596012,0.0132986223325133,0.0,0.0013083472149446,anger,13680892
1856957049143267564,Thu Nov 14 07:07:15 +0000 2024,5.0,0.2349670082330703,0.2289343774318695,0.504432737827301,0.0104664284735918,0.0,0.0086740152910351,joy,75358306
1856935591696289889,Thu Nov 14 05:41:59 +0000 2024,5.0,0.4015308320522308,0.0100266765803098,0.5422815680503845,0.0201588720083236,0.0,0.0163396522402763,joy,16589251
1856933297315623258,Thu Nov 14 05:32:52 +0000 2024,5.0,0.0652763023972511,0.0354051887989044,0.8763549327850342,0.010262930765748,0.0,0.002539905719459,joy,7089323
1856856741813608952,Thu Nov 14 00:28:40 +0000 2024,5.0,0.7625125050544739,0.0633799582719802,0.0727945119142532,0.0901871025562286,0.0,0.0053919614292681,anger,22760938
1856652010415599863,Wed Nov 13 10:55:08 +0000 2024,5.0,0.1398586183786392,0.0609228499233722,0.6748257875442505,0.1156925186514854,0.0,0.005487919319421,joy,53498673
1856530164236091660,Wed Nov 13 02:50:58 +0000 2024,5.0,0.0225038118660449,0.0283607766032218,0.8798629641532898,0.0600693561136722,0.0,0.0057620326988399,joy,12952037
1856525977129554374,Wed Nov 13 02:34:20 +0000 2024,5.0,0.5368884801864624,0.0377253182232379,0.3579611480236053,0.0534699857234954,0.0,0.0043452540412545,anger,4941189
1856503013226987539,Wed Nov 13 01:03:05 +0000 2024,5.0,0.0202922839671373,0.0029391651041805,0.9469906687736512,0.0019429095555096,0.0,0.0029277177527546,joy,18754971
1856456937241751567,Tue Nov 12 21:59:59 +0000 2024,5.0,0.0,0.0,0.0,0.0,0.0,0.0,,19888530
1855647150144995639,Sun Nov 10 16:22:11 +0000 2024,24.0,0.9330146908760072,0.0489511787891387,0.0058692498132586,0.0093453703448176,0.0,0.0013860976323485,anger,47759638
1855573423034179590,Sun Nov 10 11:29:13 +0000 2024,24.0,0.0690810829401016,0.0156955979764461,0.8636618852615356,0.039407629519701,0.0,0.0051603238098323,joy,126197280
1855450174409392489,Sun Nov 10 03:19:28 +0000 2024,24.0,0.3443358838558197,0.2041759490966797,0.0048814574256539,0.4433771073818207,0.0,0.0017860695952549,sadness,18706766
1855143365173821676,Sat Nov 09 07:00:19 +0000 2024,24.0,0.95168936252594,0.0040539475157856,0.0230044312775135,0.0175249446183443,0.0,0.0011408019345253,anger,8690570
1855122591994069074,Sat Nov 09 05:37:47 +0000 2024,5.0,0.017912371084094,0.0028638895601034,0.9623324871063232,0.0057401629164814,0.0,0.0026514718774706,joy,18946962
1854600166663168094,Thu Nov 07 19:01:51 +0000 2024,24.0,0.0154125932604074,0.0022179174702614,0.9692238569259644,0.0099468296393752,0.0,0.0007482826476916,joy,33569970
1854034776815972649,Wed Nov 06 05:35:11 +0000 2024,5.0,0.4027336239814758,0.0417423769831657,0.3867153823375702,0.1513085216283798,0.0,0.0079717496410012,anger,142217160
1854023551575322959,Wed Nov 06 04:50:35 +0000 2024,5.0,0.0156106119975447,0.0071756062097847,0.9658067226409912,0.0089867049828171,0.0,0.0009032940142787,joy,91563453
1853847172309209357,Tue Nov 05 17:09:43 +0000 2024,5.0,0.0690718442201614,0.0027843518182635,0.9115323424339294,0.010039466433227,0.0,0.0027744490653276,joy,76101845
1853622640457499130,Tue Nov 05 02:17:30 +0000 2024,24.0,0.0049002012237906,0.009357625618577,0.7898954749107361,0.0018462580628693,0.0,0.1907116472721099,joy,14203960
1853619311341904147,Tue Nov 05 02:04:17 +0000 2024,5.0,0.6355829238891602,0.0912073850631713,0.1439413428306579,0.1164616867899894,0.0,0.007431574165821,anger,30144676
1853468997297250748,Mon Nov 04 16:06:59 +0000 2024,5.0,0.084786057472229,0.0426163040101528,0.8084495663642883,0.0518568344414234,0.0,0.0075187599286437,joy,36275129
1853446296171839726,Mon Nov 04 14:36:47 +0000 2024,5.0,0.0014364615781232,0.0014930287143215,0.9935775995254515,0.0016688972245901,0.0,0.0003317074151709,joy,15753369
1853329249614131365,Mon Nov 04 06:51:40 +0000 2024,24.0,0.0044507458806037,0.9920881390571594,0.0008882065303623,0.0013453983701765,0.0,0.0006478304276242,fear,39217057
1853251428212465760,Mon Nov 04 01:42:26 +0000 2024,5.0,0.2447516769170761,0.7325578927993774,0.0047671217471361,0.0133238267153501,0.0,0.0030355730559676,fear,25768782
1853179455461786111,Sun Nov 03 20:56:27 +0000 2024,5.0,0.0049002012237906,0.009357625618577,0.7898954749107361,0.0018462580628693,0.0,0.1907116472721099,joy,35473787
1853174546347782406,Sun Nov 03 20:36:56 +0000 2024,5.0,0.7802240252494812,0.048795111477375,0.1034872084856033,0.0567528568208217,0.0,0.0040396000258624,anger,12277460
1853174400503210275,Sun Nov 03 20:36:22 +0000 2024,5.0,0.3021042644977569,0.2979248166084289,0.2769091725349426,0.0817335024476051,0.0,0.0212947074323892,anger,34546181
1853113059402801252,Sun Nov 03 16:32:37 +0000 2024,24.0,0.0321009866893291,0.0029540059622377,0.943994641304016,0.0159108471125364,0.0,0.001191527582705,joy,16011182
1853093487693922307,Sun Nov 03 15:14:50 +0000 2024,5.0,0.97498881816864,0.0016788293141871,0.0115413190796971,0.0057214233092963,0.0,0.000553689955268,anger,9871436
1852417305344356682,Fri Nov 01 18:27:56 +0000 2024,24.0,0.7802240252494812,0.048795111477375,0.1034872084856033,0.0567528568208217,0.0,0.0040396000258624,anger,9547917
1852370408302940193,Fri Nov 01 15:21:35 +0000 2024,24.0,0.3048545122146606,0.2113143503665924,0.3717635571956634,0.0903688669204711,0.0,0.0148589499294757,joy,17635349
1852358949019824621,Fri Nov 01 14:36:03 +0000 2024,30.0,0.0022339848801493,0.000346540735336,0.9926691055297852,0.0013265213929116,0.0,0.0003663353272713,joy,18034170
1851739513611260113,Wed Oct 30 21:34:38 +0000 2024,24.0,0.910935640335083,0.0122155640274286,0.0561470538377761,0.0158715602010488,0.0,0.0019415998831391,anger,28000521
1851656454409003112,Wed Oct 30 16:04:35 +0000 2024,24.0,0.0833885371685028,0.7467739582061768,0.0061640082858502,0.1487168818712234,0.0,0.0131586277857422,fear,50336065
1851285597757100252,Tue Oct 29 15:30:56 +0000 2024,24.0,0.7042193412780762,0.022494351491332,0.2001363784074783,0.0653324425220489,0.0,0.0023967591114342,anger,24891549
1851284051338150141,Tue Oct 29 15:24:47 +0000 2024,5.0,0.0,0.0,0.0,0.0,0.0,0.0,,8703666
1851089467081441790,Tue Oct 29 02:31:35 +0000 2024,5.0,0.3480439782142639,0.0247477870434522,0.5580574870109558,0.052482321858406,0.0,0.0078939478844404,joy,17363281
1850729089448956253,Mon Oct 28 02:39:34 +0000 2024,5.0,0.3710117042064667,0.0528580732643604,0.5321788191795349,0.0334523618221282,0.0,0.0053858854807913,joy,53971161
1850726684322107636,Mon Oct 28 02:30:01 +0000 2024,24.0,0.084786057472229,0.0426163040101528,0.8084495663642883,0.0518568344414234,0.0,0.0075187599286437,joy,25060101
1850724646414606406,Mon Oct 28 02:21:55 +0000 2024,5.0,0.8983491063117981,0.0417276956140995,0.0461435839533805,0.0058230510912835,0.0,0.0064075863920152,anger,8218950
1850660124823523466,Sun Oct 27 22:05:32 +0000 2024,5.0,0.4139297306537628,0.0167866814881563,0.5170531272888184,0.0317938216030597,0.0,0.0086600184440612,joy,18026073
1850260123589247249,Sat Oct 26 19:36:04 +0000 2024,24.0,0.1599421501159668,0.2704841792583465,0.3386833965778351,0.1481743305921554,0.0,0.0114342225715518,joy,31423277
1850251466805854345,Sat Oct 26 19:01:40 +0000 2024,24.0,0.0,0.0,0.0,0.0,0.0,0.0,,29678596
1850067512605671916,Sat Oct 26 06:50:42 +0000 2024,5.0,0.068226508796215,0.0074867936782538,0.8994003534317017,0.0064729526638984,0.0,0.002203474054113,joy,43098004
1850058311195931043,Sat Oct 26 06:14:08 +0000 2024,24.0,0.006388968322426,0.0009849783964455,0.9816769361495972,0.0021950984373688,0.0,0.0015194889856502,joy,14526471
1849728433477255594,Fri Oct 25 08:23:19 +0000 2024,5.0,0.0630638226866722,0.1559060364961624,0.7284035086631775,0.0197344422340393,0.0,0.028098028153181,joy,44029256
1849708182173892765,Fri Oct 25 07:02:51 +0000 2024,24.0,0.0020936960354447,0.0007579654338769,0.970430850982666,0.0031161056831479,0.0,0.001162267406471,joy,13442297
1849649153380679878,Fri Oct 25 03:08:17 +0000 2024,24.0,0.0144920293241739,0.0017375705065205,0.9655251502990724,0.0105093903839588,0.0,0.0009004886378534,joy,55371723
1849507064231706877,Thu Oct 24 17:43:40 +0000 2024,5.0,0.0037856535054743,0.00135906226933,0.985323429107666,0.0040334481745958,0.0,0.0016994419274851,joy,29818675
1849231786901201075,Wed Oct 23 23:29:49 +0000 2024,5.0,0.1364518404006958,0.764819324016571,0.0401171892881393,0.0472316928207874,0.0,0.0082766665145754,fear,24140108
1849118173209182441,Wed Oct 23 15:58:22 +0000 2024,5.0,0.9750546813011168,0.0092272441834211,0.0052700997330248,0.0085127530619502,0.0,0.0007125654956325,anger,24338888
1848917477100818841,Wed Oct 23 02:40:52 +0000 2024,24.0,0.9448662996292114,0.0150531344115734,0.0243760086596012,0.0132986223325133,0.0,0.0013083472149446,anger,16643807
1848478931017486723,Mon Oct 21 21:38:14 +0000 2024,24.0,0.0,0.0,0.0,0.0,0.0,0.0,,57687964
1848463905778987124,Mon Oct 21 20:38:32 +0000 2024,24.0,0.5660596489906311,0.0082802856341004,0.3911068737506866,0.0048459987156093,0.0,0.0034782143775373,anger,85150801
1848375429008073034,Mon Oct 21 14:46:58 +0000 2024,5.0,0.914916217327118,0.0379856638610363,0.0356558486819267,0.0037575790192931,0.0,0.0024056062102317,anger,74529323
1848151300820643855,Sun Oct 20 23:56:21 +0000 2024,24.0,0.9314390420913696,0.0019843408372253,0.0050261570140719,0.0528563559055328,0.0,0.0007499100756831,anger,32410311
1848150446646472942,Sun Oct 20 23:52:58 +0000 2024,5.0,0.9504434466362,0.0327646248042583,0.0093469228595495,0.0018505748594179,0.0,0.0023906279820948,anger,18976364
1848134363059228908,Sun Oct 20 22:49:03 +0000 2024,24.0,0.0013489408884197,0.0009399915579706,0.991450011730194,0.0042848181910812,0.0,0.0006041985470801,joy,25287039
1847776676220194836,Sat Oct 19 23:07:44 +0000 2024,24.0,0.0026533915661275,0.0020884699188172,0.9893621802330016,0.0037764129228889,0.0,0.0007197765517048,joy,20496252
1847773458437992684,Sat Oct 19 22:54:57 +0000 2024,5.0,0.0025945203378796,0.0009657235932536,0.9912889003753662,0.0033972696401178,0.0,0.0005999969434924,joy,16142417
1847760312000188806,Sat Oct 19 22:02:42 +0000 2024,24.0,0.7723069190979004,0.1046003848314285,0.0911217406392097,0.0182645693421363,0.0,0.0076929777860641,anger,31782706
1847679980303507622,Sat Oct 19 16:43:30 +0000 2024,5.0,0.1533119529485702,0.0018484819447621,0.0053650722838938,0.8380279541015625,0.0,0.0007962369127199,sadness,22962288
1847402074650087511,Fri Oct 18 22:19:12 +0000 2024,5.0,0.0012634518789127,0.0008324814261868,0.9936825037002563,0.0030635562725365,0.0,0.0005740014603361,joy,34589637
1847354508583538914,Fri Oct 18 19:10:11 +0000 2024,5.0,0.017912371084094,0.0028638895601034,0.9623324871063232,0.0057401629164814,0.0,0.0026514718774706,joy,33011290
1847017637974269974,Thu Oct 17 20:51:35 +0000 2024,5.0,0.912413775920868,0.0246236827224493,0.0488080941140651,0.0095647545531392,0.0,0.0012972063850611,anger,26770302
1846994594501648473,Thu Oct 17 19:20:01 +0000 2024,24.0,0.0026786194648593,0.0015546327922493,0.9892659187316896,0.0036130237858742,0.0,0.0020196780096739,joy,41491345
1846972524753539200,Thu Oct 17 17:52:19 +0000 2024,24.0,0.9551381468772888,0.0045998878777027,0.0150124812498688,0.0197398532181978,0.0,0.0019715051166713,anger,47910465
1846150988555534780,Tue Oct 15 11:27:50 +0000 2024,5.0,0.0,0.0,0.0,0.0,0.0,0.0,,53230088
1846148272722780559,Tue Oct 15 11:17:02 +0000 2024,30.0,0.8613331317901611,0.0042384816333651,0.0673303604125976,0.0641398504376411,0.0,0.0014270056271925,anger,15349893
1846144109444026624,Tue Oct 15 11:00:30 +0000 2024,5.0,0.8056281805038452,0.0036860501859337,0.1454159170389175,0.0335179232060909,0.0,0.0034739994443953,anger,22433896
1846001324246319409,Tue Oct 15 01:33:07 +0000 2024,5.0,0.0081244222819805,0.0014861989766359,0.9641547203063964,0.0224969759583473,0.0,0.0013179342495277,joy,32778798
1844551442725835168,Fri Oct 11 01:31:48 +0000 2024,5.0,0.7242420315742493,0.0200274605304002,0.2108767628669738,0.0322749055922031,0.0,0.0030489503405988,anger,74283927
1844533711506899115,Fri Oct 11 00:21:21 +0000 2024,30.0,0.0031889830715954,0.0019283627625554,0.9888705015182496,0.0042542228475213,0.0,0.0010691304923966,joy,56303747
1843132312797782275,Mon Oct 07 03:32:41 +0000 2024,5.0,0.3412421941757202,0.0272970832884311,0.5420083999633789,0.07503142952919,0.0,0.0027851150371134,joy,75977016
1843126349760000253,Mon Oct 07 03:09:00 +0000 2024,24.0,0.9064225554466248,0.008215706795454,0.0428811348974704,0.0387169085443019,0.0,0.0011646472848951,anger,92290692
1842664269143552201,Sat Oct 05 20:32:51 +0000 2024,5.0,0.574935793876648,0.2080480754375457,0.1356753557920456,0.0564294829964637,0.0,0.0170928798615932,anger,40531801
1842605353248460841,Sat Oct 05 16:38:44 +0000 2024,5.0,0.0307809151709079,0.0029348097741603,0.9385648369789124,0.0246142577379941,0.0,0.0010658934479579,joy,8705818
1842601913440997846,Sat Oct 05 16:25:04 +0000 2024,5.0,0.1594858467578888,0.0051163900643587,0.7885957360267639,0.0385287106037139,0.0,0.0035967587027698,joy,15722485
1842284607212814357,Fri Oct 04 19:24:13 +0000 2024,30.0,0.2312605381011963,0.0083884866908192,0.7185646891593933,0.0277663450688123,0.0,0.0032144137658178,joy,23590875
1842250303762051263,Fri Oct 04 17:07:54 +0000 2024,24.0,0.0064755864441394,0.0026033872272819,0.9830737709999084,0.0060111484490334,0.0,0.0006747198058292,joy,17847197
1842210911576035430,Fri Oct 04 14:31:22 +0000 2024,5.0,0.0270139928907156,0.0032572532072663,0.9193115234375,0.0461659766733646,0.0,0.0013410354731604,joy,8112978
1841279111001678311,Wed Oct 02 00:48:44 +0000 2024,24.0,0.0049002012237906,0.009357625618577,0.7898954749107361,0.0018462580628693,0.0,0.1907116472721099,joy,13483184
1841191233538179370,Tue Oct 01 18:59:32 +0000 2024,5.0,0.4506964385509491,0.0139274364337325,0.5040932893753052,0.0208801720291376,0.0,0.004276702646166,joy,7518124
1841013522081140857,Tue Oct 01 07:13:22 +0000 2024,5.0,0.6537408828735352,0.3326511085033417,0.0031792626250535,0.0034333318471908,0.0,0.0050012511201202,anger,7743861
1841007685224788079,Tue Oct 01 06:50:11 +0000 2024,5.0,0.1860598176717758,0.1078635901212692,0.5842525959014893,0.1063896268606185,0.0,0.0064548375084996,joy,19797204
1840990914149290320,Tue Oct 01 05:43:32 +0000 2024,5.0,0.0026854446623474,0.0002141695294994,0.9651528000831604,0.0056457105092704,0.0,0.0005619877483695,joy,2278830
1840063382512132245,Sat Sep 28 16:17:51 +0000 2024,30.0,0.8475651144981384,0.0553671419620513,0.0270397141575813,0.0650694742798805,0.0,0.0022230485919862,anger,19052073
1838802491246313946,Wed Sep 25 04:47:31 +0000 2024,30.0,0.0,0.0,0.0,0.0,0.0,0.0,,12803892
1838662284886876432,Tue Sep 24 19:30:24 +0000 2024,5.0,0.0558472760021686,0.0671224743127822,0.7776265740394592,0.080048844218254,0.0,0.0090805301442742,joy,11267987
1838557749329707275,Tue Sep 24 12:35:00 +0000 2024,5.0,0.0019989903084933,0.0008441202226094,0.991075038909912,0.0042083328589797,0.0,0.0007301322766579,joy,61759618
1838341924023079172,Mon Sep 23 22:17:24 +0000 2024,5.0,0.0049002012237906,0.009357625618577,0.7898954749107361,0.0018462580628693,0.0,0.1907116472721099,joy,58145278
1838339608825774417,Mon Sep 23 22:08:12 +0000 2024,5.0,0.4328505992889404,0.1444848775863647,0.366696149110794,0.036526471376419,0.0,0.0098362686112523,anger,17819103
1838339043337146481,Mon Sep 23 22:05:57 +0000 2024,5.0,0.04188834130764,0.8965116143226624,0.0249905847012996,0.0093449782580137,0.0,0.0249670669436454,fear,109406289
1837641296233566436,Sat Sep 21 23:53:21 +0000 2024,5.0,0.0006138307508081,0.0002131678775185,0.9976420998573304,0.0003311740874778,0.0,0.0005280393525026,joy,43252947
1836891478716457450,Thu Sep 19 22:13:50 +0000 2024,30.0,0.3905440866947174,0.4608370661735534,0.0722940638661384,0.0599453151226043,0.0,0.010284911841154,fear,22606406
1836880588839493745,Thu Sep 19 21:30:34 +0000 2024,5.0,0.5869855880737305,0.0875193327665329,0.2656169235706329,0.0435016304254531,0.0,0.0058065010234713,anger,43638830
1836829670102421565,Thu Sep 19 18:08:14 +0000 2024,5.0,0.0003551208646968,0.0001576824579387,0.9982786178588868,0.0002841881359927,0.0,0.0004539546789601,joy,12064122
1836817314596925739,Thu Sep 19 17:19:08 +0000 2024,5.0,0.8998434543609619,0.0253119450062513,0.001278914976865,0.0721207484602928,0.0,0.0007817449513822,anger,18444884
1836806074638434556,Thu Sep 19 16:34:29 +0000 2024,5.0,0.0014050275785848,0.0003507725195959,0.9814111590385436,0.0031269744504243,0.0,0.0005856183124706,joy,10497711
1836804984588935462,Thu Sep 19 16:30:09 +0000 2024,5.0,0.0049002012237906,0.009357625618577,0.7898954749107361,0.0018462580628693,0.0,0.1907116472721099,joy,29600031
1836716428679942280,Thu Sep 19 10:38:15 +0000 2024,5.0,0.7674961090087891,0.0297341402620077,0.1720721870660781,0.0208657849580049,0.0,0.003673636354506,anger,19822805
1836714694674923653,Thu Sep 19 10:31:22 +0000 2024,5.0,0.5120261311531067,0.3491381704807281,0.0418871194124221,0.0905433893203735,0.0,0.0040550455451011,anger,22808051
1836713916740632868,Thu Sep 19 10:28:16 +0000 2024,24.0,0.143587440252304,0.4958620965480804,0.2036624252796173,0.0627821311354637,0.0,0.0653199777007103,fear,19984403
1836711667092083140,Thu Sep 19 10:19:20 +0000 2024,5.0,0.8135735392570496,0.0307944230735301,0.0006242748931981,0.1530855596065521,0.0,0.0013219113461673,anger,8178532
1836329095703244890,Wed Sep 18 08:59:08 +0000 2024,5.0,0.0012417742982506,0.0004351656825747,0.9942331910133362,0.0025385373737663,0.0,0.0005588293424807,joy,23198417
1836278233928732719,Wed Sep 18 05:37:02 +0000 2024,5.0,0.0731874257326126,0.3163585066795349,0.5148741006851196,0.0048908130265772,0.0,0.0817740559577941,joy,15821003
1836250409834549525,Wed Sep 18 03:46:28 +0000 2024,5.0,0.0168246626853942,0.0044631455093622,0.9640201926231384,0.0100020365789532,0.0,0.0014111992204561,joy,21093988
1836130447539286220,Tue Sep 17 19:49:47 +0000 2024,5.0,0.4792213141918182,0.0076830550096929,0.4682658016681671,0.0331718809902668,0.0,0.0014283277560025,anger,27874306
1835604797099069541,Mon Sep 16 09:01:02 +0000 2024,5.0,0.0501158386468887,0.0326523333787918,0.888125479221344,0.0156500171869993,0.0,0.0108275301754474,joy,26529148
1835573866271330307,Mon Sep 16 06:58:07 +0000 2024,30.0,0.3530087471008301,0.0064344317652285,0.6153899431228638,0.0156791061162948,0.0,0.0031628203578293,joy,53252647
1835194685897224331,Sun Sep 15 05:51:24 +0000 2024,5.0,0.0509250275790691,0.0111389076337218,0.8666097521781921,0.0591743998229503,0.0,0.0036323061212897,joy,46810181
1835192617212248405,Sun Sep 15 05:43:10 +0000 2024,5.0,0.4415788948535919,0.064959816634655,0.2189521491527557,0.2596798241138458,0.0,0.0051990379579365,anger,5389935
1835187364689232295,Sun Sep 15 05:22:18 +0000 2024,5.0,0.7470166087150574,0.003347972407937,0.2203884124755859,0.0220334585756063,0.0,0.0014979334082454,anger,9143835
1835041918990078068,Sat Sep 14 19:44:21 +0000 2024,24.0,0.0171254873275756,0.0014473632909357,0.9662930965423584,0.0107378084212541,0.0,0.0009074933477677,joy,15696226
1834900418302034009,Sat Sep 14 10:22:05 +0000 2024,24.0,0.0392426997423172,0.0024140472523868,0.9250891804695128,0.0133975995704531,0.0,0.0071611171588301,joy,12656333
1834640216721965470,Fri Sep 13 17:08:08 +0000 2024,30.0,0.0128483586013317,0.0189208481460809,0.0383546575903892,0.9270628690719604,0.0,0.0015967243816703,sadness,84741738
1834354277118345358,Thu Sep 12 22:11:54 +0000 2024,24.0,0.3845643401145935,0.0205688588321208,0.1943937540054321,0.3931030631065368,0.0,0.002764957724139,sadness,13676052
1834346559120806014,Thu Sep 12 21:41:14 +0000 2024,30.0,0.0011299643665552,0.0008014370105229,0.9943825006484984,0.0022958777844905,0.0,0.0006452114903368,joy,7657282
1834215798858207667,Thu Sep 12 13:01:39 +0000 2024,5.0,0.8507615923881531,0.0236578155308961,0.0426939278841018,0.0636749565601348,0.0,0.0057288235984742,anger,22752735
1834177635200761994,Thu Sep 12 10:30:00 +0000 2024,5.0,0.0202922839671373,0.0029391651041805,0.9469906687736512,0.0019429095555096,0.0,0.0029277177527546,joy,8134665
1834172201135997394,Thu Sep 12 10:08:24 +0000 2024,5.0,0.0062932707369327,0.0021179085597395,0.6426388025283813,0.0065831122919917,0.0,0.0014398710336536,joy,26379047
1834071245224308850,Thu Sep 12 03:27:14 +0000 2024,24.0,0.0036937303375452,0.0026493612676858,0.987792432308197,0.0019026861991733,0.0,0.0028789965435862,joy,35408483
1833899199353725178,Wed Sep 11 16:03:35 +0000 2024,24.0,0.4722107648849487,0.0049964594654738,0.5058254599571228,0.0043774498626589,0.0,0.0043947547674179,joy,29836786
1833875738711490906,Wed Sep 11 14:30:22 +0000 2024,5.0,0.0526446625590324,0.9127434492111206,0.0045885723084211,0.0253691561520099,0.0,0.0029907058924436,fear,41504506
1833531850817736987,Tue Sep 10 15:43:53 +0000 2024,5.0,0.0392426997423172,0.0024140472523868,0.9250891804695128,0.0133975995704531,0.0,0.0071611171588301,joy,11679116
1833353661444944052,Tue Sep 10 03:55:49 +0000 2024,5.0,0.7802240252494812,0.048795111477375,0.1034872084856033,0.0567528568208217,0.0,0.0040396000258624,anger,21165414
1833349210818920783,Tue Sep 10 03:38:08 +0000 2024,5.0,0.1030428186058998,0.0059355464763939,0.8541193604469299,0.0281662698835134,0.0,0.0022194336634129,joy,29070905
1833338686567760261,Tue Sep 10 02:56:19 +0000 2024,30.0,0.9976287484169006,0.0008248611702583,0.0003456530102994,0.0003250737790949,0.0,0.0004786177014466,anger,61249989
1833151262746964447,Mon Sep 09 14:31:33 +0000 2024,5.0,0.0390971563756465,0.0064396699890494,0.8914008736610413,0.0572989098727703,0.0,0.0025793365202844,joy,9440258
1832953811222089988,Mon Sep 09 01:26:57 +0000 2024,5.0,0.0583279654383659,0.0066670593805611,0.9099581241607666,0.0193316936492919,0.0,0.0014834998873993,joy,98254007
1832550322293837833,Sat Sep 07 22:43:38 +0000 2024,5.0,0.0004099520447198,0.0004438120522536,0.9944129586219788,0.0035734500270336,0.0,0.0004375306016299,joy,51879979
1832319390940881133,Sat Sep 07 07:26:00 +0000 2024,5.0,0.4003701210021972,0.0481541566550731,0.4672015309333801,0.0748328939080238,0.0,0.0030792143661528,joy,216843034
1832142752114503811,Fri Sep 06 19:44:06 +0000 2024,5.0,0.0,0.0,0.0,0.0,0.0,0.0,,39829115
1831810356177686708,Thu Sep 05 21:43:16 +0000 2024,5.0,0.0967077314853668,0.1941887587308883,0.5262585282325745,0.1620624363422393,0.0,0.0151092056185007,joy,31510499
1831784676199219599,Thu Sep 05 20:01:14 +0000 2024,5.0,0.0002275796578032,0.0001996722276089,0.9982256293296814,0.0004979223012924,0.0,0.0002354812750127,joy,41729812
1831613650525700542,Thu Sep 05 08:41:38 +0000 2024,24.0,0.3922323584556579,0.018280453979969,0.5526368618011475,0.013534172438085,0.0,0.0182693600654602,joy,18786105
1831591936362180720,Thu Sep 05 07:15:21 +0000 2024,24.0,0.0519818440079689,0.2950120866298675,0.6047918200492859,0.0407968312501907,0.0,0.0044398899190127,joy,9580462
1831413115227140467,Wed Sep 04 19:24:47 +0000 2024,5.0,0.0375847443938255,0.0045966883189976,0.9298942685127258,0.014660170301795,0.0,0.0008862097747623,joy,13059815
1831411938976546885,Wed Sep 04 19:20:06 +0000 2024,5.0,0.0894920155405998,0.0086364019662141,0.8839601874351501,0.0085430489853024,0.0,0.0028434384148567,joy,60079635
1831411262829556036,Wed Sep 04 19:17:25 +0000 2024,5.0,0.1446666270494461,0.0074902158230543,0.8283085823059082,0.0133942356333136,0.0,0.001529017696157,joy,9093228
1831410880162205870,Wed Sep 04 19:15:54 +0000 2024,5.0,0.1644733697175979,0.0051268460229039,0.7476521134376526,0.0754085704684257,0.0,0.0033845379948616,joy,16338522
1831356552021979140,Wed Sep 04 15:40:01 +0000 2024,5.0,0.9448662996292114,0.0150531344115734,0.0243760086596012,0.0132986223325133,0.0,0.0013083472149446,anger,32903242
1831350254673031671,Wed Sep 04 15:15:00 +0000 2024,5.0,0.0,0.0,0.0,0.0,0.0,0.0,,6547280
1831261181505568844,Wed Sep 04 09:21:03 +0000 2024,5.0,0.0,0.0,0.0,0.0,0.0,0.0,,3684757
1831172487012630864,Wed Sep 04 03:28:37 +0000 2024,5.0,0.0022339848801493,0.000346540735336,0.9926691055297852,0.0013265213929116,0.0,0.0003663353272713,joy,15708238
1830981062463496640,Tue Sep 03 14:47:57 +0000 2024,5.0,0.229020208120346,0.0029923531692475,0.7513751983642578,0.0078035262413322,0.0,0.0035237444099038,joy,14956659
1830976659450966374,Tue Sep 03 14:30:28 +0000 2024,5.0,0.9929991960525512,0.0016324234893545,0.0020616431720554,0.0020715161226689,0.0,0.000247630639933,anger,27698881
1830853357465899257,Tue Sep 03 06:20:30 +0000 2024,5.0,0.0,0.0,0.0,0.0,0.0,0.0,,9990727
1830835287171146105,Tue Sep 03 05:08:42 +0000 2024,5.0,0.7802240252494812,0.048795111477375,0.1034872084856033,0.0567528568208217,0.0,0.0040396000258624,anger,23078105
1830828004160786692,Tue Sep 03 04:39:45 +0000 2024,5.0,0.0005436396459117,0.0003494360717013,0.9969580173492432,0.0011765360832214,0.0,0.0003495983837638,joy,5397269
1830818163912532413,Tue Sep 03 04:00:39 +0000 2024,5.0,0.0,0.0,0.0,0.0,0.0,0.0,,16489636
1830650370336473253,Mon Sep 02 16:53:54 +0000 2024,5.0,0.017769718542695,0.0042648585513234,0.9661404490470886,0.007508703507483,0.0,0.0017493249615654,joy,17198453
1830639722970185959,Mon Sep 02 16:11:36 +0000 2024,24.0,0.017912371084094,0.0028638895601034,0.9623324871063232,0.0057401629164814,0.0,0.0026514718774706,joy,9624012
1830639033979912305,Mon Sep 02 16:08:51 +0000 2024,5.0,0.0049002012237906,0.009357625618577,0.7898954749107361,0.0018462580628693,0.0,0.1907116472721099,joy,3462246
1830637755598328193,Mon Sep 02 16:03:47 +0000 2024,24.0,0.0086555825546383,0.0009562804480083,0.9711938500404358,0.0116755058988928,0.0,0.0009375478257425,joy,12364365
1830635162725441867,Mon Sep 02 15:53:29 +0000 2024,5.0,0.3084007799625397,0.0424773730337619,0.5965932011604309,0.012282189913094,0.0,0.0257723107933998,joy,7252696
1830440852411326782,Mon Sep 02 03:01:21 +0000 2024,5.0,0.0009122444898821,0.0002887431182898,0.9964128136634828,0.0013649662723764,0.0,0.0002460058603901,joy,52449431
1830141318112166158,Sun Sep 01 07:11:07 +0000 2024,5.0,0.7802240252494812,0.048795111477375,0.1034872084856033,0.0567528568208217,0.0,0.0040396000258624,anger,22642008
1830130806481711534,Sun Sep 01 06:29:21 +0000 2024,5.0,0.1372211873531341,0.0054176300764083,0.7944085597991943,0.0262713879346847,0.0,0.0023213492240756,joy,25865750
1830065536555733488,Sun Sep 01 02:09:59 +0000 2024,5.0,0.8221025466918945,0.0078289490193128,0.1206379309296608,0.041143748909235,0.0,0.00333644147031,anger,3953112
1829777370934284656,Sat Aug 31 07:04:55 +0000 2024,5.0,0.0392426997423172,0.0024140472523868,0.9250891804695128,0.0133975995704531,0.0,0.0071611171588301,joy,8053875
1829648832235446645,Fri Aug 30 22:34:09 +0000 2024,30.0,0.017912371084094,0.0028638895601034,0.9623324871063232,0.0057401629164814,0.0,0.0026514718774706,joy,9128128
1829602166614737143,Fri Aug 30 19:28:43 +0000 2024,5.0,0.6880397200584412,0.0838077068328857,0.1515252739191055,0.0595660880208015,0.0,0.0075307679362595,anger,112076640
1829549259483722222,Fri Aug 30 15:58:29 +0000 2024,5.0,0.0,0.0,0.0,0.0,0.0,0.0,,25609362
1829487762279674310,Fri Aug 30 11:54:07 +0000 2024,5.0,0.7802240252494812,0.048795111477375,0.1034872084856033,0.0567528568208217,0.0,0.0040396000258624,anger,21159856
1829486803017216277,Fri Aug 30 11:50:18 +0000 2024,5.0,0.0113380393013358,0.0005097606917843,0.9713231325149536,0.001142545021139,0.0,0.0009697296191006,joy,3760039
1829397352513261593,Fri Aug 30 05:54:52 +0000 2024,5.0,0.044019877910614,0.0016531273722648,0.9456319212913512,0.003373758168891,0.0,0.0016431378899142,joy,12829845
1829316932404678669,Fri Aug 30 00:35:18 +0000 2024,5.0,0.0,0.0,0.0,0.0,0.0,0.0,,10773314
1829310109639655795,Fri Aug 30 00:08:11 +0000 2024,5.0,0.6882588863372803,0.1910063028335571,0.0851776450872421,0.0210661031305789,0.0,0.0045118373818695,anger,23282819
1829267102458339835,Thu Aug 29 21:17:18 +0000 2024,24.0,0.7075886726379395,0.1182628720998764,0.1111753657460212,0.0512431934475898,0.0,0.0057895244099199,anger,10534632
1829202463552860370,Thu Aug 29 17:00:26 +0000 2024,24.0,0.910029947757721,0.0111787477508187,0.0392940305173397,0.0275708772242069,0.0,0.0008423876715824,anger,23869035
1829196423277228406,Thu Aug 29 16:36:26 +0000 2024,5.0,0.8524957895278931,0.1337558627128601,0.0041870330460369,0.0021236017346382,0.0,0.0031661631073802,anger,40675912
1829185699184292285,Thu Aug 29 15:53:49 +0000 2024,5.0,0.8409848809242249,0.0248695667833089,0.1149708926677703,0.0021341743413358,0.0,0.0035735326819121,anger,126581602
1829025187544674369,Thu Aug 29 05:16:01 +0000 2024,30.0,0.0266639832407236,0.0023032468743622,0.9371672868728638,0.0043991007842123,0.0,0.001553691108711,joy,26426812
1827970789204705610,Mon Aug 26 07:26:12 +0000 2024,5.0,0.0459099449217319,0.0494862422347068,0.8763969540596008,0.0103363525122404,0.0,0.0051243803463876,joy,5700227
1827666160516550842,Sun Aug 25 11:15:43 +0000 2024,5.0,0.0776673182845115,0.0048308530822396,0.8861233592033386,0.0216233413666486,0.0,0.0020634492393583,joy,19579057
1827665556201148734,Sun Aug 25 11:13:19 +0000 2024,5.0,0.1855859607458114,0.5464023947715759,0.1926735639572143,0.0532184019684791,0.0,0.0175392460078001,fear,14704166
1827653646802100307,Sun Aug 25 10:26:00 +0000 2024,5.0,0.0875550732016563,0.0218573883175849,0.8510085344314575,0.0265467967838048,0.0,0.008996901102364,joy,10834152
1827551868580487321,Sun Aug 25 03:41:34 +0000 2024,5.0,0.4003084599971771,0.5822606086730957,0.0062876855954527,0.0059028989635407,0.0,0.0029311075340956,fear,48205647
1827534001520758785,Sun Aug 25 02:30:34 +0000 2024,5.0,0.0004560829838737,0.0002941716520581,0.9975087642669678,0.0008278597379103,0.0,0.0004419578181114,joy,14605338
1827162546685583658,Sat Aug 24 01:54:32 +0000 2024,5.0,0.5509371161460876,0.37534299492836,0.0406243503093719,0.0232713166624307,0.0,0.0044837840832769,anger,42076428
1826458537280627187,Thu Aug 22 03:17:03 +0000 2024,5.0,0.0049002012237906,0.009357625618577,0.7898954749107361,0.0018462580628693,0.0,0.1907116472721099,joy,90254916
1826248951449981237,Wed Aug 21 13:24:14 +0000 2024,5.0,0.0867077484726905,0.002006965689361,0.8868979215621948,0.0181132964789867,0.0,0.0016645925352349,joy,12335308
1826166083331731632,Wed Aug 21 07:54:57 +0000 2024,5.0,0.473531037569046,0.0795972049236297,0.3038175404071808,0.1271850019693374,0.0,0.0099136531352996,anger,61404874
1825559831132172668,Mon Aug 19 15:45:55 +0000 2024,5.0,0.017912371084094,0.0028638895601034,0.9623324871063232,0.0057401629164814,0.0,0.0026514718774706,joy,25092833
1825557632939339836,Mon Aug 19 15:37:11 +0000 2024,5.0,0.0339577458798885,0.0124285705387592,0.8857598304748535,0.0590344779193401,0.0,0.0038133058696985,joy,14423787
1825342542482755845,Mon Aug 19 01:22:30 +0000 2024,5.0,0.0,0.0,0.0,0.0,0.0,0.0,,17248388
1825318147974373766,Sun Aug 18 23:45:33 +0000 2024,5.0,0.0137810679152607,0.0138533040881156,0.8733737468719482,0.0885896384716034,0.0,0.0050528072752058,joy,28537181
1823599371084292532,Wed Aug 14 05:55:45 +0000 2024,5.0,0.0024825816508382,0.0007519764476455,0.987096071243286,0.0081154303625226,0.0,0.0006854109815321,joy,12055607
1823367936909951302,Tue Aug 13 14:36:07 +0000 2024,24.0,0.6720216870307922,0.0471386574208736,0.2397643625736236,0.0251152720302343,0.0,0.0073306513950228,anger,32348522
1823154463831728628,Tue Aug 13 00:27:51 +0000 2024,30.0,0.2154557555913925,0.022457992658019,0.7282203435897827,0.0196081027388572,0.0,0.0062787528149783,joy,29589055
1823087408046547230,Mon Aug 12 20:01:24 +0000 2024,5.0,0.9860706925392152,0.0023487014696002,0.0068993661552667,0.0030593716073781,0.0,0.0005907273734919,anger,41449120
1823075494516158815,Mon Aug 12 19:14:03 +0000 2024,5.0,0.292296290397644,0.2706981003284454,0.382007896900177,0.0238942056894302,0.0,0.01530980784446,joy,15721354
1821985220255691051,Fri Aug 09 19:01:42 +0000 2024,30.0,0.4547126889228821,0.2872094810009002,0.059753693640232,0.1882934123277664,0.0,0.0062561584636569,anger,42885993
1821789294513541476,Fri Aug 09 06:03:09 +0000 2024,5.0,0.7802240252494812,0.048795111477375,0.1034872084856033,0.0567528568208217,0.0,0.0040396000258624,anger,16225714
1821689943904702664,Thu Aug 08 23:28:22 +0000 2024,5.0,0.6237653493881226,0.1847958862781524,0.1616860628128051,0.0187399145215749,0.0,0.005660287104547,anger,31483823
1820849358402670800,Tue Aug 06 15:48:11 +0000 2024,24.0,0.9811004400253296,0.0011477535590529,0.0091984616592526,0.0044144638814032,0.0,0.0006016290280967,anger,50027449
1819780445942190435,Sat Aug 03 17:00:42 +0000 2024,5.0,0.0295156594365835,0.0106003507971763,0.916628360748291,0.0283942613750696,0.0,0.0062689478509128,joy,21501483
1818829103295873431,Thu Aug 01 02:00:25 +0000 2024,5.0,0.017912371084094,0.0028638895601034,0.9623324871063232,0.0057401629164814,0.0,0.0026514718774706,joy,12189556
1817924844941451606,Mon Jul 29 14:07:13 +0000 2024,5.0,0.0003551208646968,0.0001576824579387,0.9982786178588868,0.0002841881359927,0.0,0.0004539546789601,joy,57479953
1815935926096232753,Wed Jul 24 02:23:57 +0000 2024,5.0,0.0003551208646968,0.0001576824579387,0.9982786178588868,0.0002841881359927,0.0,0.0004539546789601,joy,29102762
1815325410667749760,Mon Jul 22 09:57:59 +0000 2024,5.0,0.0115277264267206,0.0034702164120972,0.9749366044998168,0.0063402531668543,0.0,0.0011440018424764,joy,19967463
1815036854267265028,Sun Jul 21 14:51:22 +0000 2024,5.0,0.9193775057792664,0.0166297648102045,0.0499206781387329,0.0078526064753532,0.0,0.0021804373245686,anger,65959677
1814366864715178165,Fri Jul 19 18:29:04 +0000 2024,5.0,0.0,0.0,0.0,0.0,0.0,0.0,,26505074
1814354894326739057,Fri Jul 19 17:41:30 +0000 2024,5.0,0.0152634438127279,0.0008257306180894,0.9761433601379396,0.0028930678963661,0.0,0.0007144324481487,joy,70026882
1813937913479983592,Thu Jul 18 14:04:34 +0000 2024,30.0,0.0024516924750059,0.0012446774635463,0.9928351044654846,0.0015963669866323,0.0,0.0013568265130743,joy,89655508
1813290895334383820,Tue Jul 16 19:13:33 +0000 2024,5.0,0.4992542564868927,0.0257715582847595,0.4314854741096496,0.0238792859017848,0.0,0.0030251913703978,anger,94808413
1813006211584856459,Tue Jul 16 00:22:19 +0000 2024,5.0,0.0251167062669992,0.0010904321679845,0.9633714556694032,0.0066004563122987,0.0,0.0009239667560905,joy,23997719
1812885001991835955,Mon Jul 15 16:20:40 +0000 2024,30.0,0.0015613433206453,0.0003337288217153,0.9916253685951232,0.0051499428227543,0.0,0.0002320894564036,joy,18329198
1812680109536821727,Mon Jul 15 02:46:30 +0000 2024,5.0,0.0,0.0,0.0,0.0,0.0,0.0,,37731425
1812005860601741445,Sat Jul 13 06:07:17 +0000 2024,24.0,0.0021312469616532,0.0003048783401027,0.9897197484970092,0.00094026082661,0.0,0.0008115224190987,joy,54889310
1811952553761890474,Sat Jul 13 02:35:27 +0000 2024,5.0,0.084786057472229,0.0426163040101528,0.8084495663642883,0.0518568344414234,0.0,0.0075187599286437,joy,26480313
1811799561939132877,Fri Jul 12 16:27:31 +0000 2024,5.0,0.0392426997423172,0.0024140472523868,0.9250891804695128,0.0133975995704531,0.0,0.0071611171588301,joy,29561154
1811088280320102884,Wed Jul 10 17:21:09 +0000 2024,24.0,0.5720764398574829,0.0358779020607471,0.3534020781517029,0.0257686339318752,0.0,0.0076879970729351,anger,13108966
1810697965268504690,Tue Jul 09 15:30:10 +0000 2024,5.0,0.0002804207324516,0.0001690449571469,0.9982598423957824,0.0002626679779496,0.0,0.0006331657641567,joy,10428438
1810554339435430351,Tue Jul 09 05:59:27 +0000 2024,5.0,0.017912371084094,0.0028638895601034,0.9623324871063232,0.0057401629164814,0.0,0.0026514718774706,joy,25926871
1810362613747864027,Mon Jul 08 17:17:36 +0000 2024,5.0,0.2330893129110336,0.0037490318063646,0.7391443848609924,0.0127672450616955,0.0,0.0033879049587994,joy,46091384
1809377894571077842,Sat Jul 06 00:04:41 +0000 2024,5.0,0.4957520067691803,0.0163830891251564,0.4584996998310089,0.0197189301252365,0.0,0.0027512188535183,anger,75497641
1809251925306777944,Fri Jul 05 15:44:07 +0000 2024,24.0,0.7967499494552612,0.0176809076219797,0.1459083408117294,0.0313524641096591,0.0,0.0018200238700956,anger,35990728
1808154240658870448,Tue Jul 02 15:02:19 +0000 2024,5.0,0.2679759263992309,0.0223599337041378,0.6736895442008972,0.0042218160815536,0.0,0.0223337896168231,joy,80673214
1806697085107851307,Fri Jun 28 14:32:06 +0000 2024,5.0,0.0044179204851388,0.0006631950964219,0.989210605621338,0.0028570014983415,0.0,0.0009467755444347,joy,30185444
1806557484120740284,Fri Jun 28 05:17:23 +0000 2024,5.0,0.6036928296089172,0.0521554313600063,0.0570944584906101,0.2776292264461517,0.0,0.0064333593472838,anger,120822097
1805160492828430825,Mon Jun 24 08:46:14 +0000 2024,30.0,0.017912371084094,0.0028638895601034,0.9623324871063232,0.0057401629164814,0.0,0.0026514718774706,joy,15817869
1802765778191597688,Mon Jun 17 18:10:29 +0000 2024,5.0,0.5562936663627625,0.0589472278952598,0.1982981413602829,0.1790053099393844,0.0,0.0026016351766884,anger,50668950
1802409584189194530,Sun Jun 16 18:35:06 +0000 2024,5.0,0.5491076707839966,0.0541617199778556,0.2978363335132599,0.0088466657325625,0.0,0.0140906162559986,anger,48307028
1802009851687797234,Sat Jun 15 16:06:43 +0000 2024,30.0,0.143587440252304,0.4958620965480804,0.2036624252796173,0.0627821311354637,0.0,0.0653199777007103,fear,34869338
1801976488251814048,Sat Jun 15 13:54:08 +0000 2024,30.0,0.0008906598086468,0.0003390239435248,0.996178388595581,0.0015324533451348,0.0,0.0004518123168963,joy,37812071
1799282138304385331,Sat Jun 08 03:27:45 +0000 2024,5.0,0.0003551208646968,0.0001576824579387,0.9982786178588868,0.0002841881359927,0.0,0.0004539546789601,joy,15059356
1798751837920936278,Thu Jun 06 16:20:32 +0000 2024,24.0,0.1076510474085807,0.0031808875501155,0.8437376022338867,0.0324858576059341,0.0,0.0015268666902557,joy,42060345
1798744793478213771,Thu Jun 06 15:52:32 +0000 2024,24.0,0.1851501315832138,0.0378765538334846,0.2646105885505676,0.5064724087715149,0.0,0.0031158223282545,sadness,13475282
1798735740018516218,Thu Jun 06 15:16:33 +0000 2024,24.0,0.253413051366806,0.0788096040487289,0.5938917994499207,0.0188248548656702,0.0,0.0260385759174823,joy,48777596
1798706177553121357,Thu Jun 06 13:19:05 +0000 2024,30.0,0.000360218953574,0.0002905306464526,0.9979481101036072,0.0005006954888813,0.0,0.00035524458508,joy,51597862
1798504201196368219,Wed Jun 05 23:56:30 +0000 2024,5.0,0.0483252331614494,0.0016822203760966,0.930055558681488,0.0042695975862443,0.0,0.0037576365284621,joy,27868129
1798494289280020989,Wed Jun 05 23:17:07 +0000 2024,24.0,0.1654226779937744,0.0447847731411457,0.7386252880096436,0.0289487577974796,0.0,0.0138502744957804,joy,15119994
1798493697904189580,Wed Jun 05 23:14:46 +0000 2024,24.0,0.0213289652019739,0.014084224589169,0.9374826550483704,0.0228470992296934,0.0,0.0019108353881165,joy,15464805
1797499471632519491,Mon Jun 03 05:24:04 +0000 2024,5.0,0.4328505992889404,0.1444848775863647,0.366696149110794,0.036526471376419,0.0,0.0098362686112523,anger,88526713
1794238958030983405,Sat May 25 05:27:57 +0000 2024,5.0,0.9667088985443116,0.0142876096069812,0.0135708460584282,0.0034405782353132,0.0,0.0006199005292728,anger,34658150
1793531309614330031,Thu May 23 06:36:01 +0000 2024,5.0,0.5021331310272217,0.0223810989409685,0.4331343472003937,0.0256538297981023,0.0,0.0080957757309079,anger,5511002
1793529371053191426,Thu May 23 06:28:18 +0000 2024,5.0,0.0146462684497237,0.0008383439853787,0.9575446248054504,0.0069645242765545,0.0,0.0022455670405179,joy,21608480
1792690117947314323,Mon May 20 22:53:25 +0000 2024,24.0,0.0003965006617363,0.0001765808410709,0.9962130784988404,0.0007253173389472,0.0,0.0002760165662039,joy,48353985
1791713117216612656,Sat May 18 06:11:10 +0000 2024,24.0,0.7802240252494812,0.048795111477375,0.1034872084856033,0.0567528568208217,0.0,0.0040396000258624,anger,17523958
1791689030641578286,Sat May 18 04:35:27 +0000 2024,5.0,0.005016709677875,0.0029437947086989,0.9873557686805724,0.0029828357510268,0.0,0.0010285896714776,joy,87784362
1791037547273203815,Thu May 16 09:26:41 +0000 2024,5.0,0.1662418395280838,0.0052890768274664,0.8010517358779907,0.0200575664639472,0.0,0.0022991809528321,joy,40680540
1791028377517989896,Thu May 16 08:50:15 +0000 2024,30.0,0.0230023171752691,0.0020313519053161,0.958946943283081,0.0083936089649796,0.0,0.0029329098761081,joy,42211815
1790118678865838540,Mon May 13 20:35:26 +0000 2024,5.0,0.0014050864847376,0.0024932997766882,0.99061781167984,0.0038357654120773,0.0,0.000939242367167,joy,76680296
1789393397523915023,Sat May 11 20:33:25 +0000 2024,5.0,0.0065823034383356,0.0013999217189848,0.9718348383903505,0.0021405653096735,0.0,0.0020132618956267,joy,119549116
1789366024019886496,Sat May 11 18:44:39 +0000 2024,5.0,0.0908661410212516,0.3181773126125335,0.4870829582214355,0.041561871767044,0.0,0.0545115061104297,joy,58279400
1788838767165415549,Fri May 10 07:49:31 +0000 2024,5.0,0.0013043709332123,0.000738329719752,0.9959989786148072,0.0009336635121144,0.0,0.0004919487982988,joy,14395375
1787627184812949968,Mon May 06 23:35:08 +0000 2024,5.0,0.0011197635903954,0.0006666843546554,0.9942131638526917,0.0024827870074659,0.0,0.0005949362530373,joy,176523587
1787531120852312388,Mon May 06 17:13:24 +0000 2024,5.0,0.0102326311171054,0.0013939439086243,0.9768179655075072,0.0087141282856464,0.0,0.0012196496827527,joy,49206745
1786861963848671413,Sat May 04 20:54:25 +0000 2024,5.0,0.4233593046665191,0.0700707212090492,0.4569023251533508,0.037343792617321,0.0,0.0077846799977123,joy,13073290
1786238084511654264,Fri May 03 03:35:20 +0000 2024,30.0,0.0049002012237906,0.009357625618577,0.7898954749107361,0.0018462580628693,0.0,0.1907116472721099,joy,32337747
1783949757460988001,Fri Apr 26 20:02:21 +0000 2024,30.0,0.78514164686203,0.1543453484773636,0.0417248085141181,0.0131765520200133,0.0,0.0034789615310728,anger,12661808
1782848959993774350,Tue Apr 23 19:08:10 +0000 2024,30.0,0.2541094720363617,0.0105524603277444,0.6835132241249084,0.0284735914319753,0.0,0.0123705295845866,joy,29460276
1782821354569679263,Tue Apr 23 17:18:28 +0000 2024,5.0,0.9712305665016174,0.0122593510895967,0.0110284723341465,0.0022023974452167,0.0,0.0012588276294991,anger,85717707
1782441020036145267,Mon Apr 22 16:07:09 +0000 2024,5.0,0.9499910473823548,0.0364610031247139,0.0062021259218454,0.0025830965023487,0.0,0.0021724302787333,anger,76211784
1782092258214330658,Sun Apr 21 17:01:18 +0000 2024,30.0,0.4892067909240722,0.0085380962118506,0.4397097826004028,0.0470838360488414,0.0,0.0027277029585093,anger,24252745
1781433998079656088,Fri Apr 19 21:25:37 +0000 2024,5.0,0.0,0.0,0.0,0.0,0.0,0.0,,26444397
1781394539376222499,Fri Apr 19 18:48:49 +0000 2024,5.0,0.6880397200584412,0.0838077068328857,0.1515252739191055,0.0595660880208015,0.0,0.0075307679362595,anger,52443660
1781394185951563973,Fri Apr 19 18:47:25 +0000 2024,5.0,0.8991972208023071,0.0189184583723545,0.0169045627117156,0.0611950419843196,0.0,0.001449852832593,anger,10259745
1781393250021941446,Fri Apr 19 18:43:42 +0000 2024,5.0,0.907319188117981,0.0386758707463741,0.0378941595554351,0.0121406111866235,0.0,0.0012525225756689,anger,10374494
1781387457193230338,Fri Apr 19 18:20:41 +0000 2024,5.0,0.2230439931154251,0.0091337915509939,0.7243812084197998,0.0330176763236522,0.0,0.0026722832117229,joy,174205498
1781384773388107994,Fri Apr 19 18:10:01 +0000 2024,5.0,0.5689412951469421,0.004937591496855,0.3810966610908508,0.0335750356316566,0.0,0.0012156426673755,anger,11987827
1781168624503275811,Fri Apr 19 03:51:07 +0000 2024,5.0,0.0316333137452602,0.0026832181029021,0.9522284269332886,0.0058530694805085,0.0,0.0013082799268886,joy,69626558
1780259716532441535,Tue Apr 16 15:39:26 +0000 2024,5.0,0.9680672883987428,0.005692156497389,0.0066033452749252,0.0174151007086038,0.0,0.0008183900499716,anger,27385955
1779971466576175379,Mon Apr 15 20:34:02 +0000 2024,30.0,0.0036358595825731,0.0006034825928509,0.991858184337616,0.0017126702005043,0.0,0.0005574534879997,joy,10256022
1779956395778965654,Mon Apr 15 19:34:09 +0000 2024,30.0,0.9877073168754578,0.0025997217744588,0.0009720571688376,0.0076223607175052,0.0,0.0003633899032138,anger,26441350
1779905174733037790,Mon Apr 15 16:10:37 +0000 2024,5.0,0.0004193071799818,0.0004920424544252,0.9967920184135436,0.0011491248151287,0.0,0.0005048427847214,joy,19780241
1779903113526153513,Mon Apr 15 16:02:25 +0000 2024,5.0,0.0012292022584006,0.0003173123113811,0.9949544072151184,0.0021359182428568,0.0,0.0004186148580629,joy,8930909
1779844281781322004,Mon Apr 15 12:08:39 +0000 2024,5.0,0.5698813796043396,0.1734601408243179,0.0384075939655303,0.2116542011499405,0.0,0.0032814003061503,anger,37222900
1778832565224583594,Fri Apr 12 17:08:27 +0000 2024,5.0,0.1896069794893264,0.014837241731584,0.6424630880355835,0.1302568465471267,0.0,0.0044051678851246,joy,92304431
1778500046214009172,Thu Apr 11 19:07:08 +0000 2024,5.0,8.007316500879824e-05,0.0001484852982684,0.9989340901374816,0.0002778955677058,0.0,0.0002032038028119,joy,24546390
1778446811411235251,Thu Apr 11 15:35:36 +0000 2024,30.0,0.0427071899175643,0.0209034848958253,0.896572470664978,0.0310033578425645,0.0,0.003984251525253,joy,7743922
1776664839294996607,Sat Apr 06 17:34:41 +0000 2024,5.0,0.8917862772941589,0.0073732966557145,0.0428034402430057,0.0477586835622787,0.0,0.0022321545984596,anger,18963200
1776277745733128289,Fri Apr 05 15:56:30 +0000 2024,5.0,0.0085975918918848,0.0027982096653431,0.9780138731002808,0.0071477177552878,0.0,0.000881333311554,joy,28358784
1773321781140488428,Thu Mar 28 12:10:34 +0000 2024,5.0,0.5771788954734802,0.0183272138237953,0.351081907749176,0.0440083816647529,0.0,0.0025419797748327,anger,51744481
1773312730059198512,Thu Mar 28 11:34:36 +0000 2024,30.0,0.6602396368980408,0.2628823518753052,0.0549255609512329,0.0087799495086073,0.0,0.0082073146477341,anger,40169792
1773311351248621593,Thu Mar 28 11:29:07 +0000 2024,5.0,0.981561839580536,0.0010945737594738,0.0053490404970943,0.00659956689924,0.0,0.0006941386382095,anger,25833501
1773249915415630268,Thu Mar 28 07:24:59 +0000 2024,30.0,0.0356782414019107,0.0134227983653545,0.9352344870567322,0.0058451509103178,0.0,0.0033939555287361,joy,10790480
1773123613379498261,Wed Mar 27 23:03:07 +0000 2024,30.0,0.0049002012237906,0.009357625618577,0.7898954749107361,0.0018462580628693,0.0,0.1907116472721099,joy,47466510
1772996402421146097,Wed Mar 27 14:37:37 +0000 2024,5.0,0.0005590900545939,0.0002859836968127,0.995961368083954,0.001856513088569,0.0,0.0003446005866862,joy,76346700
1772688264127746378,Tue Mar 26 18:13:11 +0000 2024,30.0,0.017912371084094,0.0028638895601034,0.9623324871063232,0.0057401629164814,0.0,0.0026514718774706,joy,20795002
1772036884937552117,Sun Mar 24 23:04:50 +0000 2024,5.0,0.5659880042076111,0.380470722913742,0.0288933236151933,0.0125303622335195,0.0,0.00483184074983,anger,18866388
1771748156432068640,Sun Mar 24 03:57:32 +0000 2024,30.0,0.0202922839671373,0.0029391651041805,0.9469906687736512,0.0019429095555096,0.0,0.0029277177527546,joy,30513230
1771622119715000357,Sat Mar 23 19:36:43 +0000 2024,5.0,0.002692797454074,0.0013323553139343,0.990934431552887,0.0028126598335802,0.0,0.0008212808170355,joy,50369714
1771620284686066011,Sat Mar 23 19:29:25 +0000 2024,30.0,0.6880397200584412,0.0838077068328857,0.1515252739191055,0.0595660880208015,0.0,0.0075307679362595,anger,39082993
1770800804863037622,Thu Mar 21 13:13:06 +0000 2024,30.0,0.0170140601694583,0.0007057022885419,0.9767065048217772,0.0032842999789863,0.0,0.0006975543801672,joy,31471351
1770101999893131475,Tue Mar 19 14:56:18 +0000 2024,5.0,0.2433516681194305,0.4983835220336914,0.0676455721259117,0.1739119440317154,0.0,0.0079997330904006,fear,10373772
1769817425673887789,Mon Mar 18 20:05:30 +0000 2024,5.0,0.9085240364074708,0.0227346122264862,0.0464714094996452,0.0175986532121896,0.0,0.0017622713930904,anger,39035294
1769195902793592953,Sun Mar 17 02:55:47 +0000 2024,5.0,0.2604681849479675,0.1114417687058448,0.5624399781227112,0.0503541752696037,0.0,0.0070929378271102,joy,22571986
1768778186186195177,Fri Mar 15 23:15:56 +0000 2024,24.0,0.0757699012756347,0.0952852815389633,0.6748331189155579,0.1167972385883331,0.0,0.0171765759587287,joy,53171732
1767672810351043010,Tue Mar 12 22:03:34 +0000 2024,30.0,0.0038264608010649,0.0047553139738738,0.9870907068252563,0.0028318027034401,0.0,0.001019092160277,joy,5667710
1767645156243566687,Tue Mar 12 20:13:41 +0000 2024,5.0,0.0003551208646968,0.0001576824579387,0.9982786178588868,0.0002841881359927,0.0,0.0004539546789601,joy,8340639
1767583275806024170,Tue Mar 12 16:07:47 +0000 2024,24.0,0.9969094395637512,0.0005651879473589,0.0002407532010693,0.0016565688420087,0.0,0.0002769269049167,anger,8348280
1767575638892814748,Tue Mar 12 15:37:26 +0000 2024,30.0,0.1165539920330047,0.1740806698799133,0.0864009037613868,0.6149073243141174,0.0,0.0039417301304638,sadness,13163942
1767565350042820777,Tue Mar 12 14:56:33 +0000 2024,30.0,0.0280214957892894,0.0007824998465366,0.9477197527885436,0.004568503703922,0.0,0.001985361566767,joy,5706936
1767418506373632369,Tue Mar 12 05:13:03 +0000 2024,5.0,0.8619061708450317,0.0812291204929351,0.0252694319933652,0.0240224990993738,0.0,0.0037441942840814,anger,18179936
1767079531108532495,Mon Mar 11 06:46:05 +0000 2024,5.0,0.0530657954514026,0.001400307752192,0.9134534001350404,0.0192076358944177,0.0,0.0015714248875156,joy,14849311
1766964360830652798,Sun Mar 10 23:08:26 +0000 2024,5.0,0.4068661630153656,0.1892048418521881,0.357594758272171,0.0317140780389308,0.0,0.0092010786756873,anger,57939635
1766706175150854489,Sun Mar 10 06:02:30 +0000 2024,5.0,0.0,0.0,0.0,0.0,0.0,0.0,,40362055
1765831716113977731,Thu Mar 07 20:07:43 +0000 2024,30.0,0.1812425851821899,0.7686893939971924,0.0143441027030348,0.0046616452746093,0.0,0.025917449966073,fear,11422716
1765671381843296458,Thu Mar 07 09:30:36 +0000 2024,5.0,0.965859353542328,0.0127521632239222,0.0040685818530619,0.015694310888648,0.0,0.0007194586796686,anger,9348812
1765399071903105504,Wed Mar 06 15:28:32 +0000 2024,30.0,0.0561296939849853,0.0133784525096416,0.9019697308540344,0.0244124550372362,0.0,0.0010370820527896,joy,19750183
1765047740327702665,Tue Mar 05 16:12:28 +0000 2024,30.0,0.3833226561546325,0.0103282947093248,0.569730281829834,0.0247603114694356,0.0,0.0034444662742316,joy,108112122
1765046380018401322,Tue Mar 05 16:07:04 +0000 2024,5.0,0.5578006505966187,0.0969187095761299,0.2843034267425537,0.0350260324776172,0.0,0.0114092053845524,anger,34442837
1764976308977594418,Tue Mar 05 11:28:38 +0000 2024,30.0,0.6666523218154907,0.0023162122815847,0.0670605897903442,0.2565499246120453,0.0,0.0014770358102396,anger,20319564
1764700900759634298,Mon Mar 04 17:14:15 +0000 2024,5.0,0.1065729707479476,0.3073442280292511,0.5182486176490784,0.0215185023844242,0.0,0.0391141325235366,joy,18220836
1764055996136046613,Sat Mar 02 22:31:38 +0000 2024,30.0,0.8595671653747559,0.0678177550435066,0.0546690598130226,0.0054278019815683,0.0,0.0080923317000269,anger,76541404
1763785942731534390,Sat Mar 02 04:38:32 +0000 2024,5.0,0.017912371084094,0.0028638895601034,0.9623324871063232,0.0057401629164814,0.0,0.0026514718774706,joy,25399660
1762573917682888970,Tue Feb 27 20:22:23 +0000 2024,30.0,0.0744147300720214,0.8262676000595093,0.0735328644514083,0.0100486725568771,0.0,0.0139270778745412,fear,22193856
1762548055730192504,Tue Feb 27 18:39:37 +0000 2024,5.0,0.9964631199836732,0.0007525338442064,0.0006948534864932,0.001021618489176,0.0,0.0004112421593163,anger,21926546
1762137153403072933,Mon Feb 26 15:26:50 +0000 2024,30.0,0.184930995106697,0.0668294131755828,0.5309707522392273,0.1682541221380233,0.0,0.0304667986929416,joy,47358731
1761867375584915750,Sun Feb 25 21:34:50 +0000 2024,5.0,0.0,0.0,0.0,0.0,0.0,0.0,,30494867
1760857006414639269,Fri Feb 23 02:40:00 +0000 2024,5.0,0.0407957658171653,0.0091383950784802,0.911691665649414,0.025716159492731,0.0,0.0042922631837427,joy,42795898
1760849603119947981,Fri Feb 23 02:10:35 +0000 2024,5.0,0.9609493017196656,0.0007276006508618,0.0216394644230604,0.0139887770637869,0.0,0.0006994578288868,anger,45505026
1760822097759326369,Fri Feb 23 00:21:17 +0000 2024,5.0,0.450751394033432,0.2247268408536911,0.1969264298677444,0.1074180230498313,0.0,0.0111865773797035,anger,29076138
1760803376466653579,Thu Feb 22 23:06:53 +0000 2024,5.0,0.906113624572754,0.0097984429448843,0.0673128888010978,0.008636150509119,0.0,0.0023264652118086,anger,32149738
1760064572042379623,Tue Feb 20 22:11:09 +0000 2024,30.0,0.0295918975025415,0.0030290165450423,0.94975483417511,0.0090423012152314,0.0,0.0020604454912245,joy,9624385
1759302582801985647,Sun Feb 18 19:43:16 +0000 2024,30.0,0.7293571829795837,0.2309835702180862,0.022857267409563,0.0109111713245511,0.0,0.0042402627877891,anger,14525359
1758386161066840370,Fri Feb 16 07:01:44 +0000 2024,5.0,0.0,0.0,0.0,0.0,0.0,0.0,,16211643
1758207303369519512,Thu Feb 15 19:11:01 +0000 2024,30.0,0.2718786597251892,0.0180852357298135,0.5872033834457397,0.017132930457592,0.0,0.0623029582202434,joy,71583497
1757840768923021363,Wed Feb 14 18:54:33 +0000 2024,5.0,0.0028894993010908,0.0019122390076518,0.9881390929222108,0.0048989485949277,0.0,0.0015767837176099,joy,53006505
1757140832795128230,Mon Feb 12 20:33:15 +0000 2024,5.0,0.0099708251655101,0.0048498408868908,0.0465395227074623,0.9362218976020812,0.0,0.0014397031627595,sadness,18937682
1757097144878612552,Mon Feb 12 17:39:39 +0000 2024,30.0,0.0058796633966267,0.0011310699628666,0.9872526526451112,0.0031385370530188,0.0,0.0007820248138159,joy,21551004
1756755325972013171,Sun Feb 11 19:01:23 +0000 2024,30.0,0.6523740291595459,0.0502219833433628,0.2655521035194397,0.0209841541945934,0.0,0.0082066180184483,anger,48196586
1756750454237659616,Sun Feb 11 18:42:01 +0000 2024,24.0,0.2362110316753387,0.0264256373047828,0.7125745415687561,0.0085087409242987,0.0,0.0041481358930468,joy,32533668
1755263367345033712,Wed Feb 07 16:12:52 +0000 2024,30.0,0.0921707600355148,0.2537055611610412,0.6312684416770935,0.0093018766492605,0.0,0.0055334381759166,joy,17742136
1755133632669479058,Wed Feb 07 07:37:21 +0000 2024,30.0,0.6845405101776123,0.2987559735774994,0.0057593588717281,0.0024371640756726,0.0,0.0066758589819073,anger,11996369
1754923423019761680,Tue Feb 06 17:42:03 +0000 2024,5.0,0.7644620537757874,0.115830048918724,0.0497311428189277,0.0308779440820217,0.0,0.0088894935324788,anger,22995409
1754646345393352933,Mon Feb 05 23:21:03 +0000 2024,5.0,0.7563815712928772,0.0247078165411949,0.1619365215301513,0.0459487959742546,0.0,0.0024537374265491,anger,13641521
1754480700122665034,Mon Feb 05 12:22:50 +0000 2024,24.0,0.0588553920388221,0.00504902144894,0.0011816316982731,0.9335731267929076,0.0,0.0007519322098232,sadness,13627205
1754382187963506924,Mon Feb 05 05:51:23 +0000 2024,5.0,0.0513684600591659,0.0060331155546009,0.9207144379615784,0.0154744312167167,0.0,0.0031086248345673,joy,17497297
1754380862521569564,Mon Feb 05 05:46:07 +0000 2024,5.0,0.0020936960354447,0.0007579654338769,0.970430850982666,0.0031161056831479,0.0,0.001162267406471,joy,22513967
1753847055749959765,Sat Feb 03 18:24:57 +0000 2024,5.0,0.2475686073303222,0.0024516333360224,0.7127795219421387,0.0243658646941185,0.0,0.0021350495517253,joy,33388406
1753835899467538687,Sat Feb 03 17:40:37 +0000 2024,5.0,0.0108070932328701,0.0082967737689614,0.9670321941375732,0.0083999261260032,0.0,0.0019624028354883,joy,22651
1753203811684880714,Thu Feb 01 23:48:56 +0000 2024,5.0,0.0037856535054743,0.00135906226933,0.985323429107666,0.0040334481745958,0.0,0.0016994419274851,joy,13110272
